Accident_ID,Date,Time,Location,Weather,Road_Condition,Severity,Latitude,Longitude
1,2023-10-18,01:06:08,Zuniga Rue & Jared Streets,Rain,Dry,High,-81.89515,173.384322
2,2024-08-31,14:09:12,Case Route & Tina Parkways,Fog,Snowy,Low,-73.328793,-0.485409
3,2023-09-26,14:59:33,Abigail Manors & Jason Route,Hail,Dry,High,-85.906279,53.120868
4,2024-04-17,12:12:12,Jackson Squares & Olivia Corner,Snow,Wet,Low,17.270556,12.436578
5,2023-09-29,14:50:44,Hodges Parkway & Daniel Lakes,Rain,Slippery,High,-9.343667,128.980533
6,2024-04-28,12:17:07,Frey Isle & Benjamin Overpass,Snow,Slippery,Medium,-87.925834,-118.823946
7,2023-09-11,00:47:32,Ramos Hollow & Hale Plain,Hail,Wet,Medium,-51.189314,38.24845
8,2024-05-13,16:23:12,Michael Trace & Rachel Islands,Hail,Icy,Low,30.720639,-124.480495
9,2024-01-27,19:32:12,Patrick Light & Ross Prairie,Rain,Wet,Medium,86.031605,176.071814
10,2024-01-20,05:09:22,Mcneil Greens & Ann Bridge,Snow,Icy,Low,88.990051,95.582477
11,2024-05-17,07:33:50,Jeffery Points & Kent Garden,Hail,Dry,High,-37.50186,-132.051884
12,2024-02-21,00:38:25,Brown Glen & Watson Roads,Fog,Wet,High,-30.015731,-68.128699
13,2024-04-17,06:40:51,Reed Points & Ortiz Garden,Snow,Slippery,Medium,86.996051,-149.706578
14,2023-11-22,13:47:14,Aaron Meadow & Moran Rapids,Clear,Dry,Low,18.951515,-164.915177
15,2024-01-20,23:20:46,Kristopher Vista & Nelson Forest,Windy,Snowy,Low,66.700253,138.310539
16,2023-12-12,08:45:59,Young Ramp & Espinoza Village,Clear,Wet,Medium,6.141034,-20.042469
17,2024-05-19,12:14:56,Santana Courts & Yu Coves,Rain,Dry,High,-86.652959,-38.85842
18,2024-05-06,21:57:35,Dominguez Coves & Hines Divide,Fog,Snowy,Medium,-20.939012,-143.544235
19,2024-03-27,19:09:33,Desiree Courts & Melissa Cove,Hail,Icy,Medium,-20.630041,72.760644
20,2024-07-11,17:56:40,Cross Cape & Shawn Villages,Fog,Dry,Medium,-10.297035,53.313621
21,2023-10-21,09:08:44,Hughes Junctions & Gina Meadows,Fog,Dry,Medium,56.117409,-177.057152
22,2024-09-03,10:38:19,Steven Drive & Gray Plaza,Rain,Snowy,Medium,-24.796105,18.559177
23,2023-10-23,23:06:17,Griffin Mills & Scott Streets,Hail,Icy,Low,1.974252,-1.567132
24,2023-09-25,06:18:07,Jones Plaza & Jennifer Squares,Hail,Wet,Medium,66.2941,49.507585
25,2024-03-01,10:19:44,Abigail Spurs & Lisa Cape,Fog,Icy,High,58.008154,42.166333
26,2023-10-14,00:33:05,Kemp Fall & Kevin Village,Hail,Wet,Medium,-10.220405,171.856864
27,2024-06-11,18:47:04,Hubbard Ford & Joseph Alley,Rain,Icy,Medium,1.803627,159.264466
28,2024-03-20,15:53:52,Kenneth Islands & Cline Vista,Rain,Wet,High,-7.782671,5.421239
29,2024-06-17,02:24:02,Foster Burgs & Montgomery Bypass,Clear,Slippery,Low,89.214858,23.511675
30,2024-01-17,13:51:26,King Street & Williams Corner,Windy,Dry,High,49.292991,-118.593966
31,2024-01-02,18:58:00,Sandoval Mews & Michael Cliffs,Hail,Slippery,Medium,6.964507,-76.372847
32,2024-07-05,04:58:04,Michael Fall & Nicholas Brook,Snow,Dry,Medium,-5.996043,-8.67092
33,2023-09-11,08:41:26,Fox Mews & Wells Drive,Hail,Wet,Medium,21.312423,101.83083
34,2023-12-11,19:01:50,Macdonald Passage & Heather Falls,Fog,Icy,High,-36.672014,-48.624201
35,2024-03-18,03:56:37,Joanne Orchard & Griffin Dale,Rain,Snowy,Low,74.925364,71.489487
36,2024-02-10,02:39:23,Douglas Ramp & Alexandria Meadow,Hail,Slippery,Medium,11.184152,-84.913245
37,2023-12-29,12:51:54,Barbara Prairie & Bell Village,Hail,Slippery,High,-40.209323,5.879825
38,2024-05-06,10:06:32,Andrew Lodge & Henry Expressway,Rain,Wet,Medium,49.692884,57.475124
39,2023-10-03,22:44:16,Carol Ville & Shannon Fork,Snow,Snowy,Low,85.124291,138.461221
40,2024-02-29,00:47:50,Mercado Place & Merritt Mission,Hail,Slippery,Medium,-22.212793,11.280941
41,2024-05-14,19:29:29,Jason View & Zachary Pass,Snow,Snowy,High,-8.985945,138.98179
42,2023-12-16,03:27:43,Jason Canyon & Scott Drive,Rain,Snowy,Low,-88.40008,161.765842
43,2024-06-26,08:50:10,Stephanie Loop & Sandoval Drives,Rain,Slippery,Medium,-3.007637,-178.115103
44,2024-04-05,16:55:09,Vanessa Flats & Dalton Mountains,Snow,Icy,Low,-36.980342,62.859598
45,2023-11-26,12:29:00,Cummings Station & Watkins Lodge,Snow,Snowy,Low,-73.476985,131.426511
46,2023-10-05,04:37:27,Stefanie Fall & Krystal Mountains,Snow,Slippery,Low,-88.529677,42.666078
47,2024-07-07,08:39:10,Perry Causeway & Gilbert Plaza,Windy,Icy,Medium,-78.721995,-75.238216
48,2024-01-17,02:57:32,Diaz Causeway & Lawson Lock,Snow,Slippery,Medium,-36.30715,1.986854
49,2024-04-18,19:02:33,Jessica Square & Jackson Parkways,Fog,Wet,Low,54.28031,46.014896
50,2024-06-08,20:49:43,Alexander Isle & Holloway Green,Clear,Wet,High,-30.321034,-145.023856
51,2024-07-02,06:35:54,Sanchez Shoal & Thompson Fort,Hail,Icy,High,21.770472,-133.044518
52,2024-07-03,20:54:36,Evans Inlet & Heather Square,Hail,Dry,Medium,-12.027316,-105.234687
53,2024-07-10,15:48:27,Forbes Curve & William Cove,Clear,Slippery,High,46.482238,37.173783
54,2023-12-30,07:18:55,Sullivan Point & Velasquez Extension,Snow,Icy,High,-71.892608,130.033324
55,2023-10-27,02:01:04,Torres Greens & Green Crest,Hail,Icy,High,41.212298,69.26966
56,2024-08-26,12:40:04,Mcguire Falls & Juan Square,Hail,Dry,High,-64.676289,23.486856
57,2023-10-23,20:27:03,Wallace Vista & Payne Point,Fog,Icy,Medium,-2.753358,-2.39326
58,2023-11-14,18:36:59,Young Village & Fitzgerald Isle,Fog,Icy,High,-88.842631,-34.857736
59,2023-09-20,05:50:40,Riggs Manors & James Gateway,Fog,Snowy,Medium,73.260748,-27.813855
60,2023-11-18,07:57:10,Lynch Overpass & Gonzalez Estate,Windy,Icy,Medium,49.243668,152.235794
61,2024-01-04,19:36:59,Golden Neck & Buck Rue,Snow,Snowy,Low,46.116514,46.909956
62,2023-11-18,22:56:19,Oliver Road & Blake Passage,Hail,Dry,High,68.868148,88.971723
63,2023-12-12,20:52:14,Edward Wells & Yvonne Mountain,Fog,Dry,High,10.830766,-72.741053
64,2024-05-06,18:06:48,Brandt Motorway & Middleton Knoll,Hail,Icy,Low,7.331576,15.661276
65,2024-01-02,19:41:37,Mark Drive & Nichols Turnpike,Snow,Icy,Medium,5.040128,90.654191
66,2024-01-19,18:40:54,Kaitlin Court & Richardson Keys,Windy,Snowy,Low,27.825106,164.597555
67,2023-10-15,14:31:30,Dawson Green & Douglas Shores,Clear,Icy,Medium,25.191426,98.70314
68,2023-10-22,13:16:51,Campos Land & Philip Center,Windy,Icy,Low,13.061945,-19.941057
69,2023-11-09,16:09:38,Warner Crossroad & Amanda Mountain,Fog,Wet,High,-60.546895,-153.009702
70,2023-09-16,12:19:01,Ruiz Underpass & Wilkinson Canyon,Hail,Slippery,High,-35.90232,155.33644
71,2023-10-05,17:38:44,Kenneth Island & Jason Spurs,Fog,Dry,Medium,-5.575915,172.559129
72,2023-11-01,21:01:34,William Via & Bruce Village,Clear,Wet,High,3.597512,-131.909396
73,2024-07-10,06:27:46,Rhonda Gateway & Brown Road,Snow,Slippery,Low,-22.465533,-132.778731
74,2023-11-03,13:12:29,Stewart Row & Morris Turnpike,Clear,Dry,Medium,-17.899135,-162.799859
75,2023-09-16,19:31:47,Vickie Prairie & Barrett Lakes,Fog,Wet,Medium,79.838691,136.758526
76,2023-12-20,23:04:00,Timothy Lake & Cain Well,Fog,Dry,High,-73.90761,132.142586
77,2024-06-27,11:16:41,Sarah Mews & Madison Cliff,Fog,Snowy,Medium,60.547243,-153.247091
78,2024-04-11,04:15:35,Rivera Village & Brandon Lane,Fog,Dry,Low,60.281197,-95.170166
79,2023-09-28,03:12:21,Ruiz Parkways & Hansen Fields,Clear,Slippery,High,84.264898,-106.766606
80,2024-03-17,03:49:12,Kara Cove & Miller Inlet,Fog,Slippery,High,-36.889175,-46.315702
81,2024-07-16,01:46:44,Mcmahon Mews & Ochoa Underpass,Fog,Icy,Low,-5.849178,26.891617
82,2024-01-20,18:21:47,Brett Mall & Daniel Junctions,Fog,Snowy,High,-26.79164,4.679579
83,2024-07-21,17:27:02,Gomez Lane & Fleming Ridges,Rain,Slippery,Low,-77.87438,-34.45026
84,2024-08-27,10:11:15,Davis Ferry & Willie Lock,Hail,Snowy,Medium,24.46751,-154.167586
85,2024-02-06,21:09:21,Adkins Village & Andrews Glen,Snow,Slippery,Low,19.006981,-13.520714
86,2023-10-02,16:45:58,Stone Station & Miller Roads,Snow,Wet,High,-82.213985,161.56986
87,2023-11-11,22:57:29,James Pike & Yates Extension,Clear,Wet,Low,66.934115,98.156402
88,2023-09-15,20:09:25,Franco Rapids & Johnson Manor,Hail,Wet,Medium,-70.494116,148.954287
89,2023-10-04,14:12:22,Caitlin Fields & Ramirez Burg,Clear,Icy,Medium,78.545825,54.156718
90,2024-01-01,19:54:25,Peterson Station & Thomas Street,Windy,Snowy,Medium,62.623964,-100.141652
91,2024-03-25,05:59:07,Thomas Square & Gregory Falls,Windy,Snowy,Medium,71.958633,169.329386
92,2024-06-07,03:51:03,Hamilton Divide & Banks Unions,Rain,Wet,High,51.066533,-75.667725
93,2024-04-01,17:03:30,Williams Brook & Carpenter Fords,Windy,Slippery,Low,34.478869,106.394527
94,2023-10-22,08:55:55,Alicia Forest & Cindy Crest,Fog,Slippery,High,26.304032,27.101452
95,2024-09-05,14:46:43,Phillips Centers & Brad Villages,Fog,Icy,Medium,58.251778,-159.843368
96,2024-08-19,04:32:27,Robert Inlet & Elizabeth Street,Rain,Icy,High,4.428423,7.4253
97,2023-12-20,16:25:46,Jessica Trafficway & Carter Rue,Clear,Wet,Low,-74.774577,-5.600917
98,2024-07-14,14:51:58,Herrera Shoal & Smith Bridge,Hail,Snowy,Medium,27.218283,43.796557
99,2024-04-19,18:19:07,Watson River & Hess Divide,Rain,Dry,Medium,-86.195996,-80.923143
100,2024-09-03,12:53:42,Reed Forges & Kathy Mount,Fog,Dry,Medium,-0.755623,176.056137
101,2023-12-07,10:20:13,Mary Crossing & Trevino Lights,Snow,Slippery,Low,77.059011,113.548424
102,2023-11-11,16:53:12,Gregory Bridge & Andrew Islands,Windy,Dry,Low,-70.350261,134.21501
103,2024-06-14,17:57:05,Juarez Estate & Jones Junction,Snow,Wet,High,-35.039382,-162.016326
104,2023-10-16,02:41:29,Maria Light & Lamb Prairie,Fog,Snowy,Low,36.513507,-40.39801
105,2024-03-16,08:04:08,Kathy Springs & Wilcox Expressway,Hail,Dry,Low,36.273643,-177.267352
106,2023-10-17,18:09:18,Warren Viaduct & Michael Fort,Hail,Slippery,High,87.063298,-138.309972
107,2023-09-19,11:09:56,Martin Pike & Mary Tunnel,Rain,Slippery,High,13.825582,98.522347
108,2023-12-22,04:49:55,Scott Key & Andrews Trail,Clear,Wet,Medium,-51.91409,-12.843431
109,2023-11-03,12:20:23,Burton Coves & David Fork,Snow,Snowy,Low,-14.489149,170.908822
110,2024-02-24,04:31:13,Gonzalez Drives & William Walk,Fog,Snowy,High,42.486539,-92.615349
111,2024-07-19,16:11:04,Perez Loaf & Clark Orchard,Windy,Snowy,High,52.439135,-88.124842
112,2023-12-08,01:15:53,William Inlet & Brown Corner,Windy,Icy,Low,57.818106,-142.865231
113,2024-04-10,23:24:31,Young Lock & Lewis Rapid,Snow,Wet,Low,-43.636565,-73.61256
114,2024-05-26,11:58:34,Bullock Squares & Gilbert View,Fog,Slippery,High,-21.519628,-71.196599
115,2024-02-07,00:22:26,Palmer Via & Harris Creek,Windy,Snowy,High,-54.735424,-29.228857
116,2023-11-25,17:51:48,Hannah Drives & Hill Lodge,Windy,Snowy,Medium,-3.466706,-176.038193
117,2024-08-18,11:10:34,Marissa Manors & Everett Pass,Rain,Slippery,High,-56.973522,-125.777166
118,2024-08-27,02:40:11,Miller Rapids & Johnson Pines,Fog,Slippery,High,24.037827,-123.701266
119,2023-11-20,19:32:51,Steve Path & Kim Glen,Rain,Icy,High,18.377771,-65.943361
120,2023-09-30,15:05:24,Shaw Crest & Atkins Valleys,Clear,Dry,Medium,56.705138,-132.969233
121,2023-11-03,17:48:10,Foster Groves & Erik Burgs,Rain,Wet,High,-56.50311,114.55339
122,2023-09-24,11:06:36,Obrien Land & Moreno Branch,Fog,Slippery,Medium,73.771898,129.947026
123,2024-03-12,11:16:46,Phelps Roads & Cynthia Plaza,Windy,Dry,High,-11.334423,42.826321
124,2024-06-18,06:39:20,Cindy Ports & Tracy Divide,Snow,Slippery,Medium,34.067238,-172.996931
125,2023-11-03,07:33:06,Michael Street & Daniels Roads,Snow,Slippery,Low,-33.086779,-107.06409
126,2024-04-01,02:15:05,Haas Vista & Ewing Estates,Windy,Dry,Medium,55.122402,-142.896434
127,2023-11-24,01:49:51,Shaun Squares & Young Ways,Fog,Icy,High,41.109024,3.976094
128,2024-08-17,20:33:57,Connor Mill & Jessica Flats,Snow,Dry,Medium,41.872588,144.196727
129,2023-12-20,10:09:52,Adam Camp & Raymond Well,Rain,Wet,High,16.896152,75.217962
130,2024-03-22,15:54:05,Jones Pass & Stephanie Track,Fog,Icy,Low,76.235347,41.622736
131,2024-01-03,00:55:24,Campbell Falls & Denise Circles,Hail,Wet,High,2.75904,-63.91281
132,2023-12-17,10:59:28,Jenkins Manors & Sarah Wall,Hail,Icy,Medium,-28.7742,-14.931796
133,2023-10-11,22:29:52,Johnny Harbor & Brown Inlet,Fog,Dry,High,-20.686583,-46.736943
134,2024-06-15,09:04:12,Pratt Forges & Ashlee Roads,Snow,Wet,Low,-58.952997,111.353711
135,2024-03-25,20:28:33,Peters Shores & Weaver Port,Hail,Snowy,High,5.900966,-120.004753
136,2024-03-27,21:29:22,Nelson Dale & Elizabeth Vista,Clear,Dry,Low,-85.651719,-176.302903
137,2024-03-03,04:21:15,Caroline Bridge & Paul Radial,Rain,Snowy,High,26.823513,-175.026515
138,2024-04-24,22:34:33,Nicholas Courts & Mathis Valley,Rain,Snowy,Medium,61.772432,168.02502
139,2024-03-08,13:22:09,Teresa Glens & Emily Pike,Fog,Snowy,Medium,-81.205971,69.668395
140,2023-09-13,19:12:25,Ayers Summit & Quinn Valleys,Fog,Icy,Low,64.683052,-124.938527
141,2023-09-19,10:03:34,Oliver Square & Benjamin Fork,Windy,Icy,Low,-36.781235,95.490655
142,2024-02-20,09:43:06,Cody Falls & Welch Point,Fog,Dry,Medium,68.541634,-128.71347
143,2023-11-08,19:59:33,Krueger Union & Williams Walks,Rain,Snowy,High,48.132149,-37.024069
144,2024-07-27,06:05:51,Christine Point & Angela Avenue,Windy,Icy,Low,51.421906,-137.558043
145,2023-12-26,03:35:19,Long Drive & Kristie Plains,Hail,Slippery,Low,-34.214709,-46.160663
146,2024-07-02,05:19:20,Roberts Branch & Mullen Meadows,Hail,Wet,High,-23.889045,-152.734583
147,2023-12-27,22:29:41,Frances Throughway & Brittany Island,Windy,Snowy,High,-45.143259,-28.534283
148,2024-07-26,19:54:37,Mason Flats & Randy Meadow,Snow,Dry,High,20.037422,119.308181
149,2024-07-02,21:24:35,Stacy Well & Steven Pine,Fog,Slippery,Low,77.891581,-164.882151
150,2024-03-08,16:26:20,Crystal Place & Joel Ports,Clear,Dry,Low,-59.229426,9.567868
151,2024-04-16,14:21:10,Porter Coves & Hernandez Parks,Hail,Icy,Low,-24.75868,26.086153
152,2024-02-27,18:41:11,Charles Hills & Allison Via,Clear,Slippery,Medium,-84.767511,-87.096798
153,2024-04-24,02:46:48,Ward Glen & John Islands,Fog,Slippery,High,-61.402507,-39.824815
154,2024-03-17,21:35:28,Elizabeth Unions & Miller Port,Windy,Wet,High,-40.130259,141.049597
155,2024-05-31,00:19:30,Katrina Square & Paula Knolls,Windy,Slippery,High,-0.333354,20.369825
156,2024-08-18,22:54:46,Rocha River & William Forges,Rain,Slippery,Low,-4.71942,-58.063445
157,2024-08-04,02:42:23,Woods Plaza & David Island,Hail,Snowy,High,-87.428199,74.635799
158,2023-09-27,20:33:12,Tiffany Mission & Webb Islands,Fog,Slippery,Low,62.055762,171.852614
159,2024-01-29,23:35:19,Lisa Manor & Green Dam,Snow,Icy,High,56.542758,98.407323
160,2023-09-22,09:11:36,Krista Square & Ruben Cliff,Fog,Dry,Low,82.496639,-47.903552
161,2024-08-02,09:54:43,Lewis Villages & Robert Square,Fog,Wet,Medium,-88.181059,-23.951014
162,2024-04-25,06:16:00,David Pike & Brady Highway,Fog,Slippery,Low,-76.978611,169.964775
163,2023-10-09,00:53:12,Harvey Curve & Rodriguez Flats,Snow,Slippery,High,82.993983,98.291112
164,2024-08-25,16:27:05,Alejandro Dale & Kristin Motorway,Fog,Dry,Medium,21.038965,122.070444
165,2024-07-17,17:09:07,Sierra Port & Morales Islands,Hail,Snowy,Medium,-77.227582,80.932614
166,2024-08-20,13:25:25,Sullivan Walk & Teresa Spring,Snow,Wet,High,-27.15767,-173.027582
167,2023-11-17,06:48:57,Heather Glen & Brittney Plaza,Hail,Slippery,Medium,-38.959214,175.332467
168,2023-12-23,19:03:31,Jerome Overpass & Moore Garden,Fog,Slippery,Medium,73.15917,177.350195
169,2023-12-10,17:42:10,Mccormick Vista & David Route,Hail,Wet,Medium,-13.178938,86.225383
170,2024-05-07,06:07:57,Juarez Lodge & Tara Lodge,Windy,Wet,High,20.585942,88.24083
171,2024-03-22,13:58:25,Hill Circles & Patrick Stravenue,Clear,Wet,Low,-72.809796,-60.578007
172,2024-05-03,13:29:53,Norman Branch & Hanson Springs,Hail,Dry,High,49.371253,-156.601898
173,2024-06-09,17:46:19,Nunez Mews & Vanessa Wells,Clear,Wet,Low,-4.606768,-154.604428
174,2024-08-15,16:40:04,Kelley Ways & Kennedy Brooks,Fog,Icy,High,-83.981681,27.110665
175,2024-05-18,12:34:49,Mary Vista & Amanda Knoll,Windy,Dry,High,-62.274447,-44.060586
176,2024-08-21,02:20:05,Hale Corner & Figueroa Vista,Snow,Wet,Medium,-80.60288,62.576701
177,2023-10-05,17:03:30,Daniel Valleys & Coleman Streets,Clear,Dry,Medium,-7.392225,-167.180165
178,2024-06-05,15:47:32,Madison Knoll & Kyle Cape,Hail,Snowy,High,-4.304403,-23.349084
179,2024-06-15,12:58:37,Jimenez Run & Brandi Coves,Windy,Wet,High,-18.66713,90.024182
180,2024-07-19,13:22:56,Alexander Keys & Michael Vista,Fog,Snowy,Low,-11.156199,140.870685
181,2023-11-07,02:41:33,Dennis Port & Wong Stream,Clear,Dry,Low,5.393812,-166.301697
182,2024-09-05,11:01:25,Willis Locks & Steven Alley,Fog,Icy,Low,57.148423,166.969608
183,2024-02-13,22:29:13,Erika Neck & Tara Knoll,Hail,Snowy,Low,30.800129,-117.022783
184,2023-11-15,10:33:02,Christopher Ranch & Moore Valley,Windy,Icy,Medium,-60.068197,-93.020457
185,2023-10-08,07:11:09,Kellie Overpass & Kim Heights,Snow,Snowy,High,-89.747406,-86.338778
186,2023-12-03,04:28:12,Michael Grove & Daniel Orchard,Fog,Icy,Low,-70.112835,-9.748911
187,2024-04-08,04:30:53,Brock Point & Mcdowell Trail,Rain,Icy,Low,-13.873662,137.436402
188,2024-02-19,22:43:16,Zachary Forges & Troy Corner,Fog,Icy,Low,71.383361,120.386546
189,2024-04-11,03:53:12,Julie Garden & Johnston Drives,Fog,Wet,Medium,-47.416896,-175.888649
190,2023-10-17,03:48:09,Aaron Cliff & Vanessa Flats,Snow,Icy,High,53.26567,-107.002741
191,2023-10-06,17:25:34,Owens Wells & Rhonda Ville,Fog,Snowy,Medium,-0.858253,-103.797412
192,2023-12-19,09:43:54,Katie Ramp & Nicholas Lodge,Windy,Icy,Medium,59.323589,-163.696517
193,2024-04-07,12:00:45,Jeffrey Villages & Christopher Crest,Rain,Slippery,Medium,-65.482311,150.534824
194,2024-04-14,08:29:26,Mark Corner & Samuel Spurs,Hail,Wet,Low,-77.578806,125.078508
195,2023-09-24,02:06:19,Hill Islands & Brandon Villages,Clear,Icy,High,31.790546,-122.182702
196,2023-11-20,18:23:45,John Stravenue & Wong Keys,Fog,Slippery,Medium,6.921371,-4.418666
197,2023-10-05,16:18:06,Laura Isle & Wesley Loaf,Rain,Slippery,High,-3.805325,130.751482
198,2024-05-23,12:41:31,Brenda Squares & Peterson Coves,Windy,Icy,Medium,-34.244596,-66.602902
199,2024-02-17,18:43:54,Drew Way & Hernandez Way,Rain,Snowy,Medium,-55.027333,-169.152572
200,2024-04-02,23:07:47,Meyers Crossing & Benjamin Canyon,Hail,Icy,High,89.643826,-178.857119
201,2024-01-20,02:03:46,Kathy Forest & Kristen Lake,Fog,Snowy,Medium,29.035504,-42.730515
202,2024-05-13,23:05:39,Holmes Forest & Wilson Circles,Snow,Dry,Low,64.718263,19.828498
203,2023-10-20,17:13:26,Angela Tunnel & Elliott Cove,Fog,Snowy,High,-31.565169,128.592805
204,2024-07-12,21:26:57,Davis Extension & Patrick Stravenue,Clear,Dry,Medium,1.269765,173.845506
205,2024-07-01,09:22:05,Wheeler Mall & Fitzpatrick Glen,Hail,Icy,Medium,-43.160334,148.527399
206,2023-11-04,19:39:45,Hernandez Orchard & Perry Passage,Fog,Icy,High,76.628942,94.686552
207,2024-01-02,22:53:17,Laura Plains & Connie Plains,Rain,Dry,Low,51.45289,-80.051014
208,2024-03-28,05:52:53,Daniel Key & Chelsea Ports,Fog,Icy,Low,-74.270229,-25.138702
209,2023-09-19,08:25:08,Mccarty Point & Julie Tunnel,Rain,Snowy,Medium,10.531525,103.565899
210,2024-04-20,09:31:34,Hernandez Isle & Pena Plaza,Clear,Snowy,High,54.139553,8.006839
211,2024-04-16,22:50:10,Russell Circle & Brian Green,Clear,Icy,High,-74.222234,-171.604046
212,2024-08-14,11:07:57,Guerra Streets & Wilson Meadows,Clear,Wet,Low,-29.975901,72.490115
213,2024-04-29,16:47:44,Nicole Path & Bell Crescent,Clear,Wet,Medium,-31.58133,-30.328985
214,2024-07-09,05:02:24,Jacqueline Via & Vincent Pass,Fog,Dry,Low,-84.376494,-160.881679
215,2024-09-07,00:49:42,Newton Mission & Margaret Pine,Clear,Wet,Medium,6.014619,70.378317
216,2023-10-14,07:27:39,Leslie Forks & Shelton Track,Clear,Dry,High,-39.722351,-146.726722
217,2024-03-13,01:13:17,Herrera Dale & Samantha Springs,Rain,Snowy,Low,-0.349413,168.064324
218,2024-08-14,06:38:30,Sheri Place & Bradley Spring,Clear,Snowy,High,-0.357241,-96.572161
219,2024-02-10,06:47:47,Carroll Land & Walker Greens,Rain,Snowy,High,56.044284,122.463556
220,2024-04-26,20:05:54,Ali Walk & Gary Corners,Snow,Slippery,Medium,61.771057,3.616754
221,2023-10-01,02:43:49,Gutierrez Extensions & Tina Inlet,Snow,Snowy,Low,-88.049372,-84.864169
222,2024-06-10,05:57:33,Bell Overpass & Blake Ports,Hail,Icy,Medium,-21.11424,-57.630197
223,2024-01-10,18:50:53,Amy Creek & Samuel Mountains,Fog,Snowy,Medium,48.489749,-43.169204
224,2023-12-01,01:32:40,Taylor Point & Hogan Estates,Clear,Wet,High,-69.003949,-32.735431
225,2024-03-28,14:22:55,Richard Run & Mcfarland Lakes,Fog,Slippery,High,75.613127,-169.927469
226,2024-04-27,19:13:56,Deborah Station & Gill Alley,Rain,Dry,Low,-86.975454,6.774091
227,2024-05-26,16:38:03,Colton Vista & David Stravenue,Snow,Slippery,Medium,83.040356,85.957264
228,2023-10-21,15:28:15,Summers Lodge & Cole Squares,Snow,Slippery,High,-21.484816,-75.426075
229,2024-05-06,13:02:39,Ryan Ports & Aguirre Stravenue,Clear,Icy,High,-10.227457,157.947559
230,2023-09-15,00:35:54,Waters Court & Shelton Station,Rain,Wet,Low,84.752959,-127.978735
231,2024-08-08,22:49:34,Sandra Forest & Ethan Locks,Rain,Snowy,Low,-37.673025,121.258329
232,2024-02-15,19:13:25,John Shores & Timothy Motorway,Clear,Icy,High,21.195211,-170.569699
233,2023-12-07,05:41:47,Robertson Roads & Watts Freeway,Windy,Wet,High,81.760698,65.437078
234,2024-06-17,04:48:26,Dean Parkway & Jocelyn Loaf,Fog,Snowy,High,51.680425,-154.966763
235,2024-02-15,16:27:32,Valerie Forge & Ramirez Tunnel,Hail,Icy,High,-51.045494,31.659354
236,2024-08-11,02:21:26,Trujillo Knolls & Marshall Isle,Clear,Slippery,High,14.572088,149.570783
237,2024-06-17,22:52:32,Anna Junctions & Andrew Junction,Windy,Snowy,Medium,-9.920392,-12.072404
238,2024-03-30,20:44:00,Desiree Court & Thomas Greens,Rain,Slippery,Low,81.96019,-105.110743
239,2024-01-02,07:37:14,Weaver Road & Yang Fork,Hail,Dry,Medium,6.937071,-164.418801
240,2024-03-14,07:00:30,Boyer Spur & Kathleen Estate,Fog,Snowy,Medium,37.910085,-108.46195
241,2024-05-28,06:23:20,Lee Track & Wagner Park,Hail,Snowy,Medium,72.092476,-104.997442
242,2024-07-07,22:08:40,Frank Roads & Sanchez Locks,Rain,Icy,Medium,24.237141,104.643304
243,2024-06-29,10:04:01,Kathy Park & Sloan Extensions,Snow,Wet,Low,-86.115218,39.626955
244,2024-07-16,23:49:01,Thomas Manor & Kimberly Orchard,Snow,Wet,Medium,-17.383305,-57.312536
245,2024-03-29,23:20:42,Aaron Oval & Matthew Terrace,Snow,Icy,High,-16.623846,99.918094
246,2024-01-08,04:56:15,Johnson Coves & Wright Spring,Rain,Snowy,Medium,7.034162,-101.722278
247,2023-10-13,19:35:08,Margaret Cape & Moses Rapids,Windy,Slippery,Medium,-0.540479,-35.412485
248,2024-07-14,12:42:29,Tracy Center & Ann Valleys,Fog,Dry,Medium,62.753834,51.950961
249,2024-04-13,02:27:03,Schwartz Rest & Kirby Hill,Clear,Icy,High,-46.635247,161.51816
250,2024-05-08,19:20:30,Little Green & Sanders Lock,Snow,Icy,High,-43.898165,104.728505
251,2024-06-02,15:42:54,Rachel Mill & Rachel Curve,Windy,Snowy,High,19.0755,168.649551
252,2023-11-06,04:25:51,Sullivan Ramp & Thompson Lodge,Rain,Snowy,Low,-33.180613,-43.663154
253,2023-11-16,22:15:26,Archer Mountains & Johnson Streets,Rain,Dry,High,-26.34793,-120.616228
254,2023-11-22,20:12:57,Beck Locks & Austin Spurs,Snow,Wet,Low,13.552874,101.027981
255,2023-12-01,09:40:17,Christian Parkway & Tucker Stream,Clear,Icy,Medium,59.219061,-178.427979
256,2024-09-04,05:41:07,Michael Flat & Nichole Springs,Snow,Slippery,Medium,56.578748,-76.538367
257,2023-11-17,18:58:22,Myers Branch & Mckinney Shoals,Windy,Wet,High,-83.935934,-35.757777
258,2023-11-22,22:24:21,Burton Valleys & Andrew Walk,Clear,Slippery,High,-82.809693,-29.96969
259,2024-05-02,02:59:43,Rivera Brook & Wood Manors,Snow,Icy,Low,-21.820078,104.562066
260,2024-06-12,10:31:51,Jennifer Land & Johnson Spur,Fog,Dry,High,-39.985961,116.199601
261,2023-12-17,09:42:02,Castillo Prairie & Michelle Forge,Fog,Wet,Low,51.411459,-50.468206
262,2024-06-23,21:57:41,Daniels Springs & Steven Square,Hail,Snowy,Medium,27.770008,86.843456
263,2024-08-29,08:08:51,Henry Trace & Beverly Gardens,Hail,Slippery,Medium,-32.496213,-116.189509
264,2024-02-16,18:40:05,Manuel Knoll & Dwayne Square,Windy,Icy,High,-40.112084,-67.460457
265,2024-06-20,12:35:59,Stephen Forks & Townsend Wells,Rain,Slippery,Medium,9.911623,126.375695
266,2024-02-16,12:16:57,Jonathon Camp & Mendoza Mountains,Windy,Slippery,Medium,-18.5439,-21.667807
267,2024-01-18,23:00:21,Cynthia Rapid & Lopez Cliffs,Clear,Snowy,High,31.068473,120.505203
268,2024-09-01,05:19:12,Haley Fords & Tyler Parks,Fog,Dry,Medium,-66.642695,-32.391443
269,2023-12-24,08:56:49,Christopher Flat & Marissa Village,Rain,Dry,Low,-31.020531,-22.62959
270,2023-09-22,14:30:56,Christopher Forks & Hicks Drives,Fog,Icy,Low,14.571474,-15.605764
271,2024-03-06,20:59:47,Paul Knoll & Bryan Viaduct,Clear,Snowy,Low,17.172814,-131.902355
272,2023-09-13,10:11:45,Barrera Station & Kristen Circle,Clear,Snowy,High,-22.448685,-125.315444
273,2023-12-13,16:21:16,Terri Shore & Farrell Plaza,Rain,Slippery,Medium,-77.905141,-57.533875
274,2024-06-27,18:57:40,Wright Cliffs & Williams Heights,Fog,Wet,High,-58.511815,-14.615761
275,2024-09-03,15:46:07,Whitaker Court & Christopher Court,Hail,Snowy,High,-53.386348,-47.901216
276,2023-09-13,15:12:59,James Run & Daniel Roads,Windy,Snowy,High,89.505722,88.354917
277,2023-11-03,06:40:53,Freeman Springs & David Crescent,Hail,Icy,Medium,-23.521463,-60.655589
278,2024-02-29,09:16:40,Landry Station & Eric Lodge,Snow,Snowy,High,-43.153468,-15.458329
279,2024-08-13,15:04:46,Christensen Crescent & Jones Village,Hail,Dry,Medium,54.409045,150.29879
280,2024-04-10,01:27:18,Jordan Ford & Amanda Place,Rain,Slippery,High,88.762702,123.82873
281,2024-08-28,13:26:29,Wells Park & Williams Bridge,Snow,Dry,Low,-37.775817,-97.151345
282,2024-05-28,13:54:47,Steele Lane & Tara Camp,Windy,Wet,High,-89.554272,101.422825
283,2024-03-25,09:02:47,Thornton Wells & Alison Harbor,Fog,Icy,High,61.385414,-34.415581
284,2024-08-14,21:59:46,John View & Karen Road,Windy,Icy,Medium,-15.860467,142.11352
285,2023-12-30,14:00:41,David Forest & Scott Groves,Snow,Snowy,Medium,29.701432,-145.41883
286,2024-06-09,02:10:08,Edward Harbor & Jeffrey Mill,Windy,Snowy,High,52.695204,-99.687927
287,2024-02-05,23:38:16,Seth Curve & Branch Expressway,Snow,Dry,High,-87.811452,-58.0536
288,2024-08-09,03:04:47,Reyes Mountains & Smith Mountain,Rain,Slippery,High,38.436226,8.920365
289,2023-10-15,18:25:58,Audrey Shoal & Davis Parks,Rain,Wet,Medium,-30.780085,-32.690691
290,2024-09-04,23:08:51,Bradley Stravenue & Burns Heights,Snow,Icy,Medium,58.955757,-158.294973
291,2023-09-13,04:56:31,Marshall Place & Chase Hill,Fog,Dry,High,8.017017,-61.773438
292,2023-11-11,19:36:20,Kimberly Trace & Julie Squares,Clear,Snowy,High,17.818101,155.421743
293,2023-10-19,12:35:41,Hernandez Camp & Hoffman Grove,Fog,Slippery,Low,-22.055304,102.015835
294,2023-12-15,22:08:44,Kristen Well & Toni Harbors,Hail,Dry,Low,88.0018,-25.657489
295,2024-02-10,21:42:05,Mccormick Ford & Cindy Knolls,Clear,Wet,Medium,-65.61873,57.807366
296,2024-08-29,06:43:14,Ruiz View & Brian Rapids,Rain,Icy,High,-32.747064,5.34871
297,2024-07-22,05:47:58,Butler Passage & Adam Ramp,Fog,Wet,Low,-66.849419,158.457976
298,2023-12-11,12:10:12,Douglas Vista & Amanda Island,Rain,Dry,Low,-17.821341,-45.806178
299,2023-10-11,11:32:46,James Tunnel & Tara Meadows,Snow,Dry,High,-41.58968,-99.06699
300,2024-05-06,02:36:16,Moore Station & Kendra Cliffs,Hail,Slippery,Medium,82.68102,-137.160024
301,2024-03-24,01:13:26,Brenda Square & Moore Park,Windy,Dry,Medium,15.644486,-176.795744
302,2024-05-09,06:59:01,Brown Spurs & Bianca Stravenue,Windy,Slippery,Medium,45.843321,-72.377783
303,2024-08-13,13:04:39,Kimberly Extensions & Smith Motorway,Fog,Slippery,Medium,-47.28224,-43.745649
304,2024-01-10,04:11:38,Adam Port & Summer Mission,Clear,Slippery,Medium,30.075212,-153.127179
305,2024-03-09,19:20:50,Brandon Stravenue & Adkins Canyon,Clear,Wet,Medium,-58.014156,91.665233
306,2024-01-07,08:41:16,Julie Squares & Bradley Turnpike,Windy,Dry,High,84.246111,73.597153
307,2024-04-29,15:34:10,Fischer Meadow & Todd Court,Hail,Dry,Medium,80.213346,85.121608
308,2024-02-20,06:47:56,Cook Court & Hernandez Viaduct,Rain,Snowy,Medium,-27.919483,54.373292
309,2024-04-24,11:48:03,Robert Mountains & William Stravenue,Snow,Icy,Low,-48.502206,123.415264
310,2024-02-15,17:44:58,Brandon Loaf & Gregory Fall,Clear,Snowy,Medium,17.453665,69.087944
311,2023-11-02,18:33:57,Walker Dale & Kelly Lakes,Fog,Dry,Low,-82.996676,-10.892
312,2024-06-26,15:32:19,Wang Greens & Joseph Curve,Snow,Wet,Low,21.997333,38.812271
313,2023-12-08,17:45:11,Wilson Course & Hart Ferry,Hail,Snowy,High,-47.556503,-23.725493
314,2024-07-06,05:28:25,Medina Centers & Rebecca Spur,Clear,Icy,Low,58.035373,76.735797
315,2024-01-20,12:38:10,Joseph Extensions & Alvarado Plaza,Windy,Icy,Low,-26.89783,132.489735
316,2023-11-28,22:38:58,Terri Manors & Clark Mountains,Clear,Snowy,Medium,10.788656,101.888695
317,2024-01-03,13:08:45,Garcia Green & Lane Ways,Hail,Wet,High,22.588825,-61.105541
318,2024-01-10,17:13:11,Christopher Corners & Eric Lake,Hail,Dry,High,-12.652649,-31.050776
319,2024-06-05,05:27:17,Tara Turnpike & Edwards Ford,Hail,Snowy,High,26.983768,-47.605475
320,2024-03-22,12:05:20,Joshua Forks & Lambert Village,Hail,Snowy,Medium,60.30984,-57.873625
321,2024-01-02,13:24:37,Tracey Mountains & Cox Loaf,Hail,Icy,Low,53.441157,102.340722
322,2023-11-06,21:47:05,Jacob Drives & Cynthia Inlet,Snow,Icy,Medium,-53.622831,18.626171
323,2023-12-31,02:13:52,Leah Rapid & Taylor Well,Hail,Wet,Medium,82.685465,-4.837613
324,2024-02-12,14:00:23,Myers Village & Nicholas Hollow,Fog,Snowy,Low,74.152025,125.192408
325,2024-07-24,09:12:37,Moore Shoals & Dodson Plain,Hail,Dry,Low,-57.201082,0.983193
326,2024-04-03,04:59:07,Johnson Shoal & Casey Inlet,Clear,Wet,Low,-58.808797,-68.839281
327,2023-11-20,14:08:35,Christine Neck & Galvan Knoll,Rain,Icy,Medium,27.0129,-77.29763
328,2023-11-18,01:43:18,Cook Village & Burton Trail,Hail,Slippery,Medium,81.616656,29.564249
329,2024-02-11,14:29:04,Melissa Ways & Thomas Views,Rain,Icy,High,15.589456,-137.027769
330,2024-02-05,11:36:56,Phillip Heights & Peters Ridges,Fog,Slippery,Low,28.807859,47.815244
331,2024-05-21,21:57:59,Moran Inlet & Michael Neck,Fog,Slippery,Medium,-7.137397,-159.647384
332,2024-04-07,22:25:33,Mark Rapid & Jacqueline Stravenue,Clear,Wet,Low,87.709963,107.383338
333,2023-11-25,12:38:12,Veronica Manors & Martin Forks,Fog,Snowy,Low,-43.020712,9.274093
334,2024-03-16,16:35:56,Gibson Unions & Reed Cliff,Hail,Snowy,Medium,-35.526994,-170.168805
335,2023-12-08,18:21:46,Dana Bypass & Perez Springs,Rain,Dry,High,27.49375,-77.182663
336,2024-06-21,22:31:22,Shannon Junctions & Kelsey Mountains,Snow,Icy,High,37.256079,-150.856635
337,2023-12-26,03:13:40,Sanders Squares & Gonzalez Summit,Windy,Snowy,Low,67.124181,60.264833
338,2024-02-11,13:04:25,Ellen Cliff & Castro Spring,Fog,Dry,Medium,16.310393,-159.723064
339,2023-12-28,12:28:14,Katherine Track & Campos Highway,Fog,Snowy,High,18.183272,101.667558
340,2024-03-25,15:03:26,Cynthia Hollow & Jennifer Freeway,Snow,Snowy,Medium,-79.718384,145.383601
341,2024-05-13,15:19:24,Sanford Mews & Allen Streets,Fog,Icy,Low,21.187017,162.041316
342,2023-10-07,03:15:58,Angela Crest & Brooke Trail,Fog,Icy,High,-4.662941,34.42155
343,2024-04-01,05:20:17,Brittany Extensions & Yoder Run,Windy,Wet,Low,-23.857953,-73.192218
344,2024-05-17,20:24:01,Beck Mount & Katherine Canyon,Fog,Snowy,Low,-76.408246,-136.372737
345,2024-01-03,17:00:29,Munoz Lodge & Glover Drive,Rain,Icy,Low,-33.435369,-53.183126
346,2024-06-16,16:01:44,Joshua Light & Preston Haven,Hail,Icy,Low,-7.257971,93.071476
347,2023-10-24,22:25:08,Williams Route & Christensen Ridges,Rain,Wet,Medium,-27.930054,155.549831
348,2024-03-18,09:58:00,Mills Ferry & Lauren Passage,Windy,Dry,Low,-15.344197,17.356267
349,2023-10-26,19:49:43,Turner Expressway & Kaitlyn Heights,Clear,Snowy,Medium,-65.021244,-92.525797
350,2024-05-11,01:27:49,Brenda Locks & Lori Course,Rain,Dry,Low,12.839947,62.856694
351,2024-03-17,14:19:50,Kevin Camp & Kayla Way,Hail,Dry,Medium,79.511752,-168.451734
352,2024-08-22,15:50:25,Nichols Ridge & Joseph Oval,Windy,Wet,High,-67.114108,-142.467261
353,2024-07-12,14:37:40,Ann Shore & Hoffman Stravenue,Rain,Wet,Medium,78.420217,-97.397534
354,2024-01-01,16:34:30,Murphy Forges & Williams Fort,Rain,Wet,Medium,87.614745,28.061918
355,2024-05-21,22:49:00,Tamara Estates & Wallace Parks,Clear,Slippery,High,-33.61234,156.411597
356,2024-02-26,18:03:58,Dunn Squares & Manuel Brooks,Rain,Snowy,High,-2.72012,-156.700841
357,2024-01-23,15:42:01,Lee Corner & Watts Crest,Hail,Dry,Medium,-16.451476,95.033234
358,2024-09-07,05:39:22,Eric Avenue & Gallagher Trafficway,Snow,Snowy,High,-48.170737,100.900786
359,2024-06-22,09:42:44,Jefferson Corners & Thompson Vista,Rain,Snowy,Low,42.254824,42.299514
360,2024-07-21,15:33:21,David Port & White Roads,Clear,Slippery,Low,22.921597,54.695878
361,2024-07-18,16:25:51,Shane Ford & Aaron Station,Rain,Dry,Medium,32.72884,74.298975
362,2024-04-13,22:00:27,Mills Freeway & Lopez Underpass,Fog,Snowy,Low,-68.517666,50.410759
363,2024-02-04,13:57:12,Ramirez Ville & Joseph Expressway,Hail,Snowy,Low,11.591295,-125.64059
364,2023-10-30,19:43:46,Jessica Knolls & Burns Summit,Fog,Slippery,Medium,-16.860337,-49.490619
365,2024-05-31,00:46:22,Summers Mall & James Mews,Clear,Icy,Low,-71.965363,-67.651915
366,2023-11-16,15:16:30,Allison Valleys & Crawford Manor,Windy,Icy,Medium,5.195976,-157.085271
367,2023-10-14,23:58:26,Armstrong Summit & Brandon Prairie,Hail,Slippery,High,-87.788814,144.227898
368,2024-08-02,20:36:59,Eric Fields & Michelle Villages,Rain,Slippery,Low,-39.470485,119.085513
369,2024-01-07,19:29:49,Martin Motorway & Gary Creek,Windy,Slippery,High,-31.151514,140.370756
370,2024-03-16,15:09:28,Christensen Street & Kimberly Stravenue,Rain,Wet,Medium,-84.284527,-8.867014
371,2024-02-18,22:24:51,Moore Burg & Sutton Centers,Windy,Wet,Low,12.125829,77.150296
372,2024-07-08,14:43:58,Reyes Flats & Patrick Branch,Clear,Dry,Medium,-0.395971,-155.933551
373,2024-03-15,22:58:57,Christina Mountain & Brandon Wall,Fog,Slippery,Low,-52.567307,166.707919
374,2024-06-17,01:59:44,Sara Harbors & Walker Summit,Windy,Dry,High,-73.271678,-142.575826
375,2024-04-13,03:32:56,Karen Falls & Love Motorway,Rain,Dry,Medium,78.079,-93.93517
376,2023-11-30,23:12:44,Steele Divide & Carter Drive,Clear,Wet,Low,-36.781143,133.389519
377,2024-01-24,10:03:34,Dean View & Jeremy Crescent,Fog,Snowy,High,-52.250151,98.721139
378,2024-09-03,11:09:43,Ricky Islands & Matthew Curve,Hail,Slippery,High,-76.832229,48.116399
379,2024-07-08,12:43:05,Sanchez Estates & Joan Key,Fog,Dry,Medium,-69.829762,-104.859784
380,2024-02-20,15:15:32,Joseph Glens & Natalie Bridge,Hail,Slippery,High,-77.756372,-33.402571
381,2024-03-20,04:46:04,George Flats & Banks Glens,Windy,Dry,High,12.458335,-122.690732
382,2024-05-19,22:10:58,Teresa Forest & Jason Rest,Rain,Snowy,Medium,-44.630277,173.734006
383,2024-02-12,04:23:46,Robert Mountain & Rice Route,Clear,Wet,High,67.660434,-138.787641
384,2024-04-30,16:58:02,Hernandez Ways & Taylor Wells,Rain,Dry,Medium,-64.609941,107.200236
385,2024-04-30,14:25:16,Cummings Haven & Lucas Way,Clear,Snowy,Low,84.309312,159.571425
386,2024-08-31,09:51:28,Johnson Track & Ashley Groves,Clear,Wet,Medium,-89.97346,139.424627
387,2024-08-28,04:56:37,Lori Mountains & Stone Parkway,Windy,Snowy,Low,12.87684,154.720299
388,2024-01-29,02:47:26,Christopher Mountains & Dunn Greens,Fog,Icy,High,41.853284,130.563106
389,2023-12-19,06:51:55,King Course & Ashley Cove,Hail,Dry,Low,-75.417273,156.178703
390,2023-12-08,08:05:28,Moore Flats & Garcia Flat,Rain,Wet,High,-87.215853,-48.618302
391,2023-09-28,19:02:21,Buck Mountains & Martin Turnpike,Snow,Dry,High,3.692277,-15.942345
392,2023-09-18,09:34:39,Heather Orchard & Christopher Turnpike,Snow,Wet,Medium,83.973869,-7.876379
393,2024-04-03,10:59:00,Lambert Curve & Medina Green,Snow,Slippery,Medium,37.92596,78.221752
394,2023-11-28,16:31:36,Alexander Circles & Jones Walks,Windy,Icy,Low,86.686989,110.686775
395,2024-01-29,05:33:42,Patricia Trail & Robinson Spurs,Windy,Snowy,Medium,-77.926597,-64.81728
396,2024-08-14,11:16:22,Barry Corners & Jonathan Forest,Fog,Icy,Low,39.155332,99.810249
397,2024-05-22,11:07:47,Peter Junction & Rodriguez Meadow,Windy,Slippery,Medium,44.102229,122.031214
398,2024-08-03,08:04:00,Michael Mission & Lorraine Branch,Snow,Wet,High,66.502242,31.34653
399,2023-12-10,02:22:16,Walter Unions & Miller Square,Snow,Snowy,High,75.653634,94.411357
400,2024-06-25,19:22:18,Bishop Shoal & Ashley Pine,Snow,Slippery,Low,27.095196,174.995206
401,2024-02-22,06:27:10,Pugh Course & Donna Fields,Snow,Snowy,Low,-51.351183,143.995254
402,2024-07-26,10:12:25,Yolanda Lodge & Patrick Center,Hail,Slippery,High,29.947552,-96.407093
403,2023-12-02,16:08:38,Rivas Plain & Steven Neck,Snow,Snowy,Medium,-63.032442,1.640322
404,2024-02-23,00:41:11,Madison Pines & Megan Terrace,Fog,Wet,Medium,57.515797,12.544261
405,2023-10-05,04:41:00,Smith Cove & Monroe Track,Hail,Slippery,High,-53.671302,91.472468
406,2024-06-08,21:16:24,Hanson Lake & David Mountain,Rain,Snowy,Low,27.455231,-102.351535
407,2024-06-14,16:17:56,Clark Alley & Cameron Walk,Clear,Slippery,Medium,46.553835,68.947996
408,2023-10-03,15:44:25,Hardin Mall & Joel Branch,Hail,Slippery,High,19.168161,-53.115458
409,2023-12-05,11:27:39,Hughes Turnpike & Smith Course,Rain,Dry,Medium,53.354931,-110.871242
410,2024-01-05,02:31:12,Ward Motorway & Jason Lane,Fog,Icy,Low,36.785613,152.498929
411,2024-06-09,16:14:51,Woods Circle & Lee Mews,Hail,Dry,Low,-42.029017,98.276771
412,2023-10-19,05:43:29,Smith Stream & Anthony Road,Rain,Icy,High,-33.30775,170.355294
413,2023-09-28,14:13:53,Tammy Road & Bautista Plaza,Clear,Snowy,High,-1.280589,-38.177402
414,2024-03-01,03:25:46,Hall Groves & Cynthia Shores,Fog,Dry,Low,60.309239,-112.664911
415,2023-11-02,13:21:55,Mccarthy Ports & Larry Ramp,Rain,Dry,High,-6.455247,53.887266
416,2024-08-28,04:41:32,Blake Run & Carrillo Hills,Snow,Slippery,High,-86.030879,-52.852927
417,2024-07-14,13:02:33,Thomas Avenue & Anderson Springs,Rain,Wet,High,-68.375832,-8.543569
418,2024-04-07,18:33:38,Julie Fall & Stone Port,Snow,Snowy,Medium,-84.066978,-89.935541
419,2023-11-12,14:06:48,Lindsey Forge & Wright Islands,Clear,Dry,Low,-11.008721,68.102591
420,2024-03-11,21:08:27,Yang Circle & Glover Roads,Rain,Wet,Low,22.988286,157.689978
421,2023-12-28,22:12:39,Greene Trail & Gary Isle,Snow,Icy,High,-3.297695,14.100156
422,2024-03-12,10:34:01,Russell Crescent & Charles Village,Snow,Dry,High,-52.274599,87.076471
423,2024-03-03,01:32:44,Alvarado Ways & Jason Loaf,Windy,Icy,Low,-39.69303,-97.999319
424,2024-05-07,19:31:46,Lisa Circles & David Creek,Rain,Dry,Medium,88.088392,-12.377733
425,2024-07-25,04:16:34,Dale Radial & Thompson Land,Fog,Snowy,High,49.681526,-25.766527
426,2024-01-08,20:47:04,Evans Lodge & Katie Landing,Windy,Icy,High,-23.836318,-52.649372
427,2024-07-29,18:19:29,Holly Locks & Angela Roads,Fog,Snowy,Low,75.214999,61.861416
428,2024-02-02,14:32:36,Kenneth Inlet & Mitchell Haven,Snow,Icy,Low,-79.57709,78.641162
429,2024-07-21,23:20:23,Alexander Causeway & Freeman Ramp,Hail,Snowy,High,47.634214,134.093572
430,2024-05-06,01:49:19,Wong Spur & Campbell Spur,Clear,Icy,Medium,43.851457,-83.028263
431,2024-05-22,11:07:34,Melissa Light & Villegas Tunnel,Windy,Wet,Medium,-40.65826,-50.676631
432,2023-10-09,19:20:35,Andrea Canyon & Andersen Alley,Hail,Slippery,Medium,-47.700008,179.74131
433,2024-06-14,17:47:09,Vicki Trail & Frances Inlet,Windy,Snowy,Low,-49.177591,-170.379668
434,2024-05-14,16:08:21,Michael Locks & Morton Court,Hail,Slippery,Medium,39.026715,-96.879338
435,2024-07-14,10:19:02,Xavier Squares & Kimberly Ports,Fog,Icy,Low,-41.732712,-171.615119
436,2023-09-27,14:33:32,Liu Key & Short Shoal,Snow,Slippery,Low,-55.499514,-126.322119
437,2023-11-13,08:42:37,Berger Well & Gwendolyn Villages,Hail,Wet,High,58.590321,-39.802022
438,2024-01-18,11:29:36,Kyle Stravenue & Joseph Divide,Rain,Snowy,High,-8.944884,-121.990645
439,2024-05-10,21:08:36,Leonard Track & Tara Road,Windy,Wet,Low,32.193934,77.787209
440,2024-05-01,18:06:16,Dawn Divide & Dana Rapid,Clear,Icy,Low,-18.424087,-121.238305
441,2024-07-03,23:15:36,William Spring & Ann Flats,Hail,Slippery,Medium,6.725098,-112.498129
442,2024-08-07,20:51:14,Madison Ramp & Villanueva Springs,Rain,Dry,Low,-41.45033,136.211281
443,2024-01-05,10:50:12,Gordon Ridge & Justin View,Snow,Snowy,Medium,39.085281,167.862223
444,2024-09-04,10:39:35,Natalie Turnpike & Stephanie Ridges,Snow,Dry,Low,68.298085,171.835961
445,2023-11-02,22:24:36,Kelly Mission & Crystal Station,Rain,Icy,Low,11.550152,78.718965
446,2024-07-01,02:17:17,Allison Park & Todd Valleys,Clear,Snowy,High,-68.959136,28.183447
447,2023-09-30,13:31:13,Lucas Points & Brian Pines,Rain,Slippery,High,65.673503,-139.593697
448,2024-01-31,02:32:04,Gary Fields & Dillon Wells,Rain,Slippery,High,79.292731,-58.201593
449,2024-04-10,15:04:29,Martin Summit & Arellano Park,Fog,Snowy,High,-34.250561,-107.994021
450,2024-04-03,14:44:47,Kyle Alley & Winters Inlet,Clear,Snowy,High,-22.594621,-30.280144
451,2024-05-17,16:55:02,Dunn Harbor & Nash Junctions,Clear,Snowy,Medium,12.233508,133.012271
452,2024-03-26,21:54:27,Amy Gateway & Hickman Passage,Clear,Wet,High,-36.39663,-41.936128
453,2024-01-14,03:34:26,West Mountains & Donald Port,Hail,Snowy,High,65.02364,135.576628
454,2023-11-13,05:44:24,Howell Drive & Davis Flat,Hail,Slippery,Medium,28.951045,80.352445
455,2024-06-18,02:12:31,Crystal Crossroad & Frederick Corner,Windy,Dry,Medium,-58.826976,-167.599479
456,2024-08-10,10:52:19,Kelly Walks & Williams Creek,Fog,Dry,High,60.411842,9.959992
457,2024-03-20,21:13:43,Carrie Locks & King Road,Fog,Wet,Medium,-81.245567,-4.901231
458,2024-03-23,13:38:21,Michael Spring & Michelle Pines,Windy,Slippery,Low,-12.549769,-135.271336
459,2023-10-02,14:51:25,James Cliff & Martin Branch,Rain,Slippery,Low,-30.348302,41.073412
460,2023-12-07,12:16:50,Kaiser Motorway & Velazquez Centers,Fog,Wet,High,14.976527,139.841136
461,2024-08-05,10:02:28,Harris Valleys & Noble Village,Snow,Snowy,Low,72.381546,93.002272
462,2023-11-19,12:10:17,Sarah Grove & Zachary Oval,Snow,Icy,High,33.106611,87.332106
463,2024-06-11,03:34:49,Danny Views & Simmons Crossroad,Fog,Slippery,High,-57.151703,-165.524654
464,2024-06-27,16:12:49,Estrada Canyon & Dale Ways,Snow,Wet,Low,78.38877,175.245493
465,2024-04-18,03:03:47,Karen Haven & Gordon Station,Clear,Slippery,Medium,68.015756,-84.395663
466,2024-03-27,03:06:35,Barber Trace & Cruz Port,Rain,Dry,Low,-65.577052,-120.631384
467,2024-05-09,19:04:32,Rodriguez Terrace & Potter Spring,Hail,Dry,High,-78.248758,167.158174
468,2024-07-05,08:55:03,Garza Centers & Brandon Dam,Clear,Icy,Low,-77.068844,-125.012386
469,2024-03-24,01:10:15,White Knolls & Hodge Union,Hail,Snowy,High,-82.935413,12.969949
470,2024-02-17,17:27:23,Gallagher Run & Black Haven,Rain,Snowy,Low,33.474622,131.146404
471,2024-01-03,23:06:15,Larsen Spring & Williams Island,Windy,Slippery,High,-17.971569,-28.114739
472,2024-08-23,17:46:05,Dana Crossing & Michael Forges,Hail,Snowy,Low,-81.892921,90.794564
473,2024-08-17,03:36:21,Turner Drive & Neal Stravenue,Hail,Snowy,High,-39.659456,164.807951
474,2023-11-18,21:01:43,Bethany Plains & Brown Locks,Fog,Slippery,Low,-50.184862,36.859554
475,2024-04-02,21:12:18,Gentry Circle & Brianna Shores,Snow,Wet,High,40.767882,39.436286
476,2024-02-12,08:24:07,Ryan Viaduct & Paul Hills,Hail,Slippery,Medium,31.680286,53.996301
477,2024-07-09,12:30:35,Estrada Radial & John Motorway,Clear,Wet,High,-11.619978,-169.016871
478,2024-07-24,00:42:05,Jasmine Stream & Jill Corners,Clear,Icy,Low,29.231509,-103.45676
479,2023-12-10,18:12:03,Davis Valleys & Sandra Forge,Clear,Dry,Medium,-80.935894,-5.952946
480,2024-06-21,20:25:02,Regina Circles & Sherri Inlet,Snow,Dry,Low,7.387726,-31.624943
481,2024-06-20,17:57:18,Bauer Street & Jillian Lane,Clear,Slippery,Low,68.536638,-39.929324
482,2024-07-08,05:06:55,Sophia Burgs & Howard Lane,Rain,Wet,Low,-6.312387,119.372019
483,2024-05-09,13:24:14,John Neck & Marcus Mountains,Snow,Icy,High,35.572195,-85.19192
484,2024-03-21,00:22:49,Schmidt Turnpike & Guzman Shore,Rain,Slippery,Medium,-5.574174,-149.88374
485,2023-11-27,19:50:57,Anthony Bypass & Martin Lane,Fog,Dry,High,-66.941516,-42.173193
486,2024-08-07,18:02:01,Hogan Trail & Stacey Parks,Windy,Slippery,Medium,48.55587,79.424866
487,2023-12-31,08:02:24,Roberts Stravenue & Larson Park,Windy,Dry,Low,80.505411,-155.570299
488,2024-04-07,15:09:37,Lee Street & Kenneth Hollow,Rain,Icy,Medium,0.852454,92.589179
489,2023-10-07,19:03:05,Jessica Walks & Walker Corner,Clear,Dry,Medium,32.384199,-4.391349
490,2024-04-21,19:11:48,Brian River & Teresa Station,Hail,Snowy,Medium,23.070034,1.125348
491,2023-10-06,05:18:05,Alvarado Street & Fields Prairie,Windy,Snowy,High,34.053746,-20.01493
492,2024-01-27,10:43:50,Miles Heights & Duffy Meadow,Clear,Slippery,High,-19.6136,33.124023
493,2024-09-02,01:11:11,Schmidt Via & Gonzalez Ports,Windy,Dry,Medium,73.258456,-176.116717
494,2023-10-16,08:57:23,Susan Harbors & Tyler Trail,Hail,Snowy,High,56.49592,-25.399754
495,2024-04-09,22:20:44,Sarah Shoals & Cole Crossroad,Fog,Wet,High,-5.805949,62.98769
496,2024-09-01,01:16:09,Barnett Estates & Elizabeth Rapid,Fog,Wet,Medium,-89.274242,-73.376376
497,2024-08-05,22:52:45,Susan Point & Chelsea Viaduct,Windy,Snowy,Medium,-14.569869,-65.707256
498,2024-05-20,04:55:43,Freeman Forest & Angela Bridge,Rain,Icy,High,6.79654,-115.012844
499,2024-01-09,11:25:20,Wade Pine & Raymond Radial,Windy,Slippery,Medium,14.940841,169.013316
500,2024-08-09,20:42:43,Elizabeth Club & Gillespie Villages,Snow,Dry,Medium,30.54385,11.741194
501,2023-10-11,16:11:45,Atkins Park & Scott Key,Rain,Slippery,Medium,-14.032891,-6.684398
502,2024-05-15,19:17:59,Mary Village & Ryan Plains,Snow,Slippery,Medium,52.569791,73.069466
503,2023-11-28,03:17:52,Jacqueline Mission & Ward Pine,Fog,Slippery,Low,42.749047,-173.193172
504,2024-06-02,11:29:21,Pollard Lodge & Martinez Avenue,Hail,Wet,High,30.374279,66.069067
505,2024-01-26,09:31:07,Williams Prairie & Brandon Lights,Fog,Snowy,High,82.809079,-16.50446
506,2024-01-10,10:25:50,Pitts Expressway & Amanda Shoals,Hail,Snowy,Low,58.356426,-82.414045
507,2023-09-13,08:35:57,Lucas Manors & Hayes Valleys,Fog,Snowy,Medium,-82.246458,83.60085
508,2024-03-10,23:18:47,Morris Viaduct & Young Port,Windy,Snowy,Medium,50.771674,164.781507
509,2024-06-23,04:00:33,White Harbor & Crystal Stream,Hail,Snowy,High,45.123268,155.45036
510,2024-08-29,12:48:24,Jenkins Green & Ryan Rest,Fog,Wet,High,-1.931917,52.897091
511,2023-09-30,02:25:30,Daniel Road & Schneider Islands,Snow,Wet,High,-68.150641,-141.283062
512,2023-10-05,14:05:43,Laura Trace & Mclean Ways,Rain,Slippery,Medium,5.268626,-177.984452
513,2023-12-01,16:07:57,Chelsea Valleys & Jennifer Neck,Snow,Icy,Low,-6.912613,32.660135
514,2024-02-15,00:18:22,Gray Squares & Ryan Square,Hail,Snowy,Medium,76.94245,155.452432
515,2023-12-27,00:22:19,Allen Turnpike & Albert Junctions,Snow,Wet,Medium,53.484463,129.011928
516,2023-12-21,19:48:50,Sanford Expressway & White Springs,Clear,Dry,High,-22.54153,37.082717
517,2024-06-28,08:09:35,Lisa Knolls & Riley Street,Windy,Snowy,Medium,16.505965,-154.547604
518,2024-06-01,00:01:05,Leon Isle & Morrow Hills,Hail,Wet,Low,-67.975501,55.391613
519,2024-03-09,01:13:18,Briana Ports & Mora Garden,Snow,Icy,High,21.666082,94.837355
520,2024-06-17,19:40:08,Terri Station & Krystal Roads,Clear,Slippery,Low,-3.186706,-177.041978
521,2024-07-09,00:27:32,Haynes Wells & Dustin Mountain,Clear,Snowy,Low,74.546869,22.992228
522,2024-01-17,13:10:17,Ruth Port & Gonzalez Cape,Fog,Slippery,Medium,-23.873844,47.938212
523,2024-08-18,23:46:28,Jeffrey Valleys & Robert Extensions,Windy,Wet,Medium,-74.288877,-59.914082
524,2024-09-04,04:38:43,Edwin Rest & Smith Divide,Clear,Icy,Low,-28.646005,151.712961
525,2024-01-05,14:26:43,Kyle Park & Wong Loop,Rain,Icy,Low,7.301224,-58.540401
526,2023-12-29,05:57:06,Harper Port & Tucker Burg,Hail,Slippery,Medium,-82.562838,-82.472704
527,2024-08-01,05:46:45,Louis Roads & Jennifer Motorway,Hail,Wet,Medium,-36.145639,65.668729
528,2024-07-30,23:18:56,Vicki Light & Mark Lock,Clear,Dry,Low,52.813486,-66.986791
529,2023-11-10,14:01:07,Jason Spurs & Melvin Village,Snow,Dry,High,-66.249836,44.243638
530,2024-08-16,17:00:21,Mark Ways & Andrew Glen,Rain,Snowy,High,-70.294228,115.310047
531,2024-02-02,08:41:57,Beth Stream & Chen Manor,Clear,Wet,Low,85.387595,-4.636955
532,2024-01-16,23:39:07,Jennifer Common & Reid Views,Snow,Slippery,High,-44.627369,-149.2207
533,2024-02-12,14:40:30,Vanessa Passage & Levine Hills,Clear,Icy,Medium,-21.5314,-159.437428
534,2024-05-29,07:02:48,Carol Circles & Justin Mill,Rain,Icy,Low,-35.246377,154.059063
535,2024-05-27,00:44:39,Bennett Hollow & Smith View,Rain,Dry,High,33.256979,141.947486
536,2024-04-21,15:44:33,Brandon Ford & Fry Lodge,Fog,Slippery,Medium,83.354678,-141.940678
537,2024-05-30,23:28:11,Steve Tunnel & Rodgers Valleys,Rain,Dry,High,16.432485,-154.210627
538,2024-08-03,01:57:40,Kevin Manors & Porter Well,Fog,Slippery,High,-68.172911,49.646782
539,2024-09-02,19:17:11,Melissa Gateway & Marsh Loop,Hail,Icy,Low,11.031866,74.651569
540,2024-05-05,23:29:25,Williams Villages & Trevino Drive,Windy,Snowy,Low,-20.298284,83.786032
541,2024-06-02,17:56:18,Campbell Heights & Freeman Dam,Snow,Slippery,Medium,-44.891775,-10.222923
542,2024-03-28,07:58:15,Alyssa Well & Andrew Lodge,Rain,Slippery,Low,-22.16959,-113.005704
543,2024-07-29,08:39:46,Johnson Well & John Glens,Rain,Dry,High,-56.424881,-140.571692
544,2024-07-02,10:56:31,Sanders Corners & Clark Crescent,Windy,Dry,Low,-6.456637,-146.935579
545,2023-12-19,15:35:54,Monroe Island & Anderson Dale,Windy,Icy,Medium,46.316628,-26.502168
546,2023-10-17,17:17:29,Heather Extension & Randolph Dale,Clear,Wet,High,-67.016402,86.106616
547,2023-11-06,10:34:21,Cheryl Points & Timothy Dale,Snow,Wet,High,38.141578,113.950501
548,2024-08-05,03:03:46,Joshua Lakes & Michael Pine,Clear,Wet,Medium,15.935186,153.68035
549,2024-04-15,18:24:29,Benjamin Valleys & David Station,Clear,Snowy,Medium,-26.740339,-74.819197
550,2024-03-15,16:06:13,Jones Spurs & Rocha Lane,Hail,Slippery,Low,44.472971,27.019597
551,2024-02-01,22:40:55,Castro Terrace & Steve Burg,Fog,Icy,Medium,51.943394,-46.939683
552,2024-05-08,00:58:08,Patton Cliffs & Christine Gateway,Hail,Wet,Medium,67.129158,-61.437647
553,2023-11-17,11:19:11,Isaiah Vista & Diaz Springs,Hail,Wet,Medium,65.291328,78.656875
554,2024-04-30,18:13:47,Howard Bypass & Stephanie Fork,Hail,Slippery,High,-74.756782,-155.135811
555,2023-12-23,00:34:45,Ferguson Views & Burnett Route,Hail,Dry,Low,6.284427,-129.355899
556,2023-11-10,14:10:56,Eric Prairie & Laurie Square,Fog,Dry,High,20.128133,146.018234
557,2024-07-27,04:08:59,Clark Overpass & Amber Course,Snow,Snowy,Medium,-29.382809,-67.037791
558,2024-02-22,15:20:18,Tim Views & Weeks Avenue,Hail,Icy,High,-58.345308,168.420161
559,2024-08-03,10:31:52,Erica Mount & Cline Rapids,Windy,Icy,Medium,7.746021,22.830254
560,2023-09-23,01:56:38,Todd Groves & Heidi Fields,Rain,Dry,High,17.269569,166.844081
561,2024-05-27,06:03:07,Breanna Forks & Owen Springs,Windy,Wet,Medium,-55.011494,-26.769186
562,2024-07-24,13:40:31,Leah Neck & Timothy River,Fog,Icy,High,16.528708,77.642908
563,2024-01-29,20:49:55,Melissa Rue & Williams Circles,Fog,Slippery,Low,38.24393,-5.032683
564,2024-09-05,03:35:06,Melissa Causeway & Danielle Trail,Rain,Snowy,High,-84.396814,-146.28139
565,2024-06-22,13:30:36,Stephanie Dale & Bruce Garden,Windy,Slippery,Medium,33.252141,-43.233692
566,2023-10-26,01:16:09,Patterson Haven & Jesus River,Rain,Wet,Low,-56.029335,164.41957
567,2024-08-11,12:54:49,Beltran Extensions & Smith Unions,Hail,Icy,Medium,24.158575,42.233107
568,2024-06-03,17:33:44,Rebecca Wells & Archer Manors,Snow,Snowy,Low,-1.920632,-44.666067
569,2023-09-23,07:17:27,Werner Viaduct & Jennifer Stravenue,Windy,Wet,High,-8.82102,112.817905
570,2023-10-04,02:02:46,Kenneth View & Brown Knolls,Rain,Snowy,Medium,20.487594,-93.770951
571,2024-08-08,02:31:57,Jordan Pass & Joshua Summit,Hail,Snowy,High,53.391978,-167.861835
572,2024-03-30,22:45:01,Kathryn Underpass & Tonya Avenue,Clear,Snowy,Medium,-32.905182,7.882262
573,2023-11-03,21:26:58,Amy Radial & Macdonald Isle,Clear,Wet,Low,0.983548,-9.113689
574,2024-06-11,08:17:01,Mary Springs & Nicole Pines,Fog,Icy,Medium,-39.017407,78.555663
575,2023-10-09,10:55:08,Quinn Roads & Richardson Camp,Fog,Icy,Low,-13.965144,-165.806102
576,2024-05-15,20:08:09,Steven Keys & Amanda Keys,Hail,Slippery,Medium,61.879946,-104.369451
577,2024-08-09,08:20:30,Christine Stravenue & Walters Burgs,Hail,Wet,Low,1.093816,-58.268175
578,2024-06-29,10:03:01,Holly Orchard & Griffin Forges,Rain,Snowy,Low,29.872579,66.535104
579,2024-06-24,01:57:41,Browning Skyway & Rivers Shores,Fog,Wet,High,3.40789,-178.360413
580,2024-03-14,13:50:19,Taylor Hollow & Christina Divide,Clear,Snowy,Low,-47.913326,38.498633
581,2024-04-04,02:47:15,Bryan Islands & Victor Curve,Clear,Snowy,Low,31.481145,-106.972014
582,2024-07-21,08:24:43,Rachel Rue & Green Rapids,Rain,Dry,Medium,87.321595,-116.906172
583,2024-06-04,23:30:58,David Fort & Linda Dale,Clear,Snowy,Low,15.421355,-61.305765
584,2023-12-12,13:43:52,Joseph Radial & Taylor Club,Rain,Slippery,Low,-2.75372,-107.335963
585,2024-05-22,02:56:20,Bryan Turnpike & Avila Radial,Snow,Icy,Medium,82.690268,-129.796476
586,2023-11-11,03:51:08,Michael Station & Diane Mountain,Fog,Icy,Low,41.545025,67.899261
587,2023-09-29,18:31:10,Jonathan Fields & Sara Common,Windy,Slippery,Low,79.383211,80.72813
588,2023-11-16,07:43:39,Mary Ramp & Ramos Village,Rain,Wet,High,64.267223,109.849131
589,2023-12-31,20:18:40,Eddie Shore & Brown Drive,Snow,Wet,Medium,32.709432,139.745001
590,2024-07-12,15:09:09,Patrick Gardens & Clayton Lock,Hail,Dry,Low,57.053741,17.013385
591,2024-03-02,09:03:24,Kevin Neck & Nguyen Haven,Hail,Slippery,Medium,-53.455927,56.067828
592,2023-12-22,18:13:43,Sarah Track & James Wells,Windy,Slippery,High,43.436529,-2.40841
593,2024-01-23,21:44:40,Lauren Hollow & Hamilton Shore,Snow,Icy,High,-50.032335,-69.348354
594,2023-09-14,17:30:18,Gregory Stream & King Station,Hail,Icy,Medium,-10.361839,67.402726
595,2024-03-13,08:58:16,Maria Neck & Natalie River,Snow,Snowy,High,-5.938506,-29.262281
596,2023-10-22,11:43:42,Heather Prairie & Smith Landing,Rain,Slippery,Medium,78.161827,89.199036
597,2024-08-05,01:10:06,Manuel Mall & Colleen Pine,Rain,Wet,High,-72.001795,96.422593
598,2024-06-15,09:50:48,Avery Port & Lori Well,Windy,Icy,High,-76.409836,-37.298267
599,2024-09-02,07:06:03,Craig Estate & Nunez Circle,Snow,Dry,High,62.628217,-120.483908
600,2024-02-27,08:55:59,Jacobson Groves & Susan Rapids,Fog,Icy,Low,-15.478017,-136.493154
601,2024-05-27,06:53:25,Dawn Terrace & Patel Harbors,Snow,Slippery,Medium,12.022735,83.955006
602,2023-11-14,11:37:41,Scott Key & Elizabeth Rapid,Rain,Dry,Medium,18.753787,152.339513
603,2024-04-25,03:50:36,Keith Ridge & John Ridges,Snow,Dry,Medium,-23.595048,50.444442
604,2023-10-06,01:23:42,Lozano Mountains & Steve Court,Windy,Wet,High,-16.620925,-149.507818
605,2023-09-13,02:53:19,Renee Vista & Adkins Parkways,Clear,Snowy,High,71.951609,154.325833
606,2023-09-17,03:55:19,Gonzalez Greens & Sean Common,Windy,Icy,High,26.878008,-4.530744
607,2024-03-03,00:26:31,Kathleen Forest & Huber Inlet,Clear,Icy,High,0.572322,-66.793424
608,2024-05-17,11:24:00,Clark Place & Kathleen Field,Snow,Dry,Low,68.013604,179.02932
609,2023-10-03,19:42:18,Williams Mews & Davis Tunnel,Clear,Icy,Medium,-24.042736,175.014654
610,2023-10-30,03:10:41,Jackson Road & Lee Shoal,Snow,Wet,Medium,-56.121011,-51.634172
611,2024-04-23,16:48:59,Swanson Drive & Bryan Cove,Fog,Wet,High,-74.33249,170.60508
612,2024-08-15,06:09:58,Johnson Passage & Catherine Squares,Fog,Slippery,Low,-53.675107,-31.094858
613,2024-06-06,00:38:14,Parker Fort & Cynthia Prairie,Snow,Snowy,Medium,74.494391,-129.984985
614,2024-06-15,09:39:24,White Springs & Justin Mission,Clear,Icy,High,35.026759,-45.499621
615,2024-05-21,03:50:34,Bullock Coves & George Cliffs,Rain,Icy,Low,-58.602912,-28.516357
616,2023-09-09,04:14:38,Howe Course & Morris Harbor,Fog,Icy,Low,-49.833685,-117.486667
617,2024-07-16,08:13:22,Fields View & Brian Square,Windy,Dry,High,-25.016583,-136.106529
618,2024-05-02,11:10:41,Jake Court & Mata Lane,Fog,Icy,High,40.769607,124.269407
619,2024-03-04,12:00:39,Goodman Run & Zachary Camp,Windy,Icy,Medium,36.581613,46.902841
620,2024-03-06,20:01:14,Brooks Greens & Sabrina Underpass,Hail,Icy,Medium,-84.715353,-103.465798
621,2023-12-04,08:52:04,Michael Squares & Tiffany Locks,Rain,Wet,Low,-11.160038,84.177312
622,2024-04-30,13:43:43,Lori Ports & Suzanne Flat,Clear,Snowy,Low,-4.226363,-58.458288
623,2023-11-20,06:22:47,Warren Walk & Martinez Ville,Fog,Slippery,High,-75.670131,64.609425
624,2023-11-10,02:02:50,Campos Isle & Glen Ways,Fog,Wet,High,-41.861517,71.37903
625,2024-02-16,16:05:01,Desiree Flats & Susan Bypass,Windy,Slippery,Low,-71.510133,-117.407628
626,2024-03-06,16:37:40,Johnson Orchard & Kristen Ford,Hail,Slippery,Medium,-46.173569,167.754799
627,2023-10-06,05:07:53,Pitts Spur & Frederick Unions,Snow,Slippery,Low,33.473224,138.505654
628,2024-03-12,21:51:50,Charles Ways & Jones Causeway,Rain,Icy,Medium,40.366945,6.952683
629,2024-02-04,03:07:08,Jose Mountains & Angela Stream,Hail,Dry,Medium,-12.744703,-178.925745
630,2023-10-29,18:53:50,Sylvia Oval & Williams Via,Windy,Dry,Medium,30.792121,24.713903
631,2023-11-11,12:14:08,Kirk Turnpike & Sheila Ways,Rain,Snowy,Low,-58.052533,-73.805759
632,2024-03-25,23:34:08,Jennifer Alley & Anderson Brooks,Fog,Slippery,High,48.94228,-121.098811
633,2023-11-05,07:45:52,Richard Lights & David Circles,Windy,Slippery,High,-27.322467,-104.351509
634,2024-05-05,06:42:41,Schmidt Green & Gould Flats,Fog,Icy,Low,-64.147208,-166.065909
635,2024-01-29,01:51:18,Gregory Viaduct & Kennedy Club,Fog,Slippery,Medium,-70.900354,-15.683332
636,2023-11-23,23:21:19,Anderson Lane & Kelsey Turnpike,Windy,Snowy,Low,47.904533,132.703438
637,2024-01-22,14:48:24,Kathryn Pines & Silva Place,Clear,Snowy,High,71.44178,-171.948658
638,2024-01-15,20:19:19,Ian Mission & Snyder Meadow,Snow,Snowy,High,-13.598776,-47.111034
639,2024-04-28,17:44:44,Chloe Prairie & Johnson Green,Windy,Wet,Low,31.939542,-125.98866
640,2024-08-27,11:04:07,Wilson Brooks & Davis Spring,Hail,Dry,Low,-85.199005,80.647511
641,2023-10-09,08:16:17,Norman Lodge & Cummings Key,Windy,Icy,High,-15.108459,26.097258
642,2024-01-15,08:49:17,Waller Point & Regina Park,Windy,Icy,High,-45.438925,120.928261
643,2023-10-01,09:27:03,Sandra Well & Christopher Estates,Clear,Dry,Medium,-78.44151,54.173646
644,2024-03-04,00:56:25,Pham Prairie & Ashley Dam,Windy,Slippery,High,86.594786,-26.089773
645,2024-06-23,17:25:13,Maxwell Station & Timothy Path,Rain,Snowy,Medium,49.796957,-86.283343
646,2024-03-12,23:33:25,Jeremy Ville & Wilson Overpass,Fog,Wet,Low,72.801002,170.49563
647,2023-10-25,11:53:30,Chavez Mountain & Leslie Club,Fog,Snowy,High,53.34607,-40.993269
648,2024-04-08,17:39:31,Jill Wells & Esparza Port,Windy,Dry,Low,50.354554,-147.738377
649,2024-03-02,22:34:46,Jason Court & Williams Gateway,Clear,Snowy,Medium,-36.542307,150.278965
650,2024-03-09,19:38:32,Jessica Mountain & Higgins Square,Rain,Dry,Medium,-84.359397,42.971639
651,2024-02-24,09:27:25,Payne Pines & Rebekah Mews,Fog,Slippery,Medium,84.832243,169.810017
652,2024-03-01,00:38:30,Scott Mission & Stewart Mountain,Rain,Slippery,High,42.386824,-134.260643
653,2024-02-27,13:40:36,Kimberly Underpass & Carrie Avenue,Rain,Wet,Medium,-58.677864,37.188725
654,2024-07-26,05:41:37,Roberts Prairie & Stephen Mountain,Clear,Icy,Low,-83.026416,-15.306777
655,2023-10-23,04:49:57,Jensen Route & Miller Landing,Fog,Slippery,Medium,37.609564,47.630192
656,2023-09-15,05:35:00,Gonzalez Trafficway & Maynard Place,Rain,Snowy,Medium,-65.869848,-165.380931
657,2024-07-20,16:38:29,David Shore & Evans Trail,Rain,Snowy,High,54.480126,94.030977
658,2024-08-18,10:40:13,Michael Lodge & Valerie Falls,Fog,Snowy,Medium,89.368306,5.41877
659,2023-12-26,15:42:18,Stephanie Row & Hall Lodge,Clear,Icy,Medium,84.053992,144.638766
660,2024-01-01,20:33:14,Adam Trace & Morales Dale,Clear,Slippery,Low,-74.293323,-112.509822
661,2024-04-18,22:16:18,Johnson Plain & Lori Row,Clear,Icy,Medium,-59.963032,-99.201429
662,2024-02-14,19:58:07,Thomas Prairie & Eddie Ranch,Hail,Icy,Low,-0.68017,-9.132443
663,2024-07-15,02:30:23,Murray Shoal & Jason Plaza,Clear,Slippery,High,61.958627,-67.613141
664,2023-09-08,21:14:40,Bartlett Extension & Brittney Manors,Rain,Slippery,Low,-47.741512,-114.572724
665,2024-04-07,14:52:49,Carlson Forges & Martinez Trail,Rain,Wet,High,7.122647,-46.558414
666,2024-05-26,17:04:38,Smith Keys & Brian Junctions,Hail,Dry,High,66.960496,90.679883
667,2023-12-05,04:59:53,Avila Cove & Donna Key,Rain,Snowy,Medium,42.865401,-173.810229
668,2024-04-19,16:35:45,Lynn Viaduct & Christopher Plaza,Rain,Dry,Low,-78.283734,-74.183546
669,2024-03-03,18:06:04,Williams Common & Diana Trafficway,Windy,Snowy,Medium,56.759955,-174.640165
670,2024-08-06,23:15:48,Rodriguez Coves & Baker Trafficway,Clear,Dry,Medium,35.036908,150.705423
671,2024-02-10,09:21:05,Brown Corner & Taylor Path,Snow,Slippery,Low,-46.869341,137.477058
672,2024-06-14,07:13:29,Miller Dam & Linda Road,Hail,Wet,Low,-40.321981,-130.134598
673,2024-03-22,10:41:21,Martin Mountain & Lisa Crest,Snow,Icy,Low,-31.170089,59.233605
674,2024-04-24,06:59:39,Jane Ridges & Kara Inlet,Clear,Icy,Medium,15.545165,-98.549325
675,2024-02-14,21:51:10,Deborah Inlet & Wood Groves,Hail,Slippery,Medium,3.938688,-13.857883
676,2024-04-05,17:03:46,Baldwin Turnpike & Jared Squares,Fog,Dry,High,61.988861,-138.597905
677,2024-07-29,09:50:14,Liu Drives & Flores Pass,Snow,Dry,Low,40.316189,-41.518685
678,2024-04-14,17:32:42,Ryan Flat & Kirsten Extensions,Snow,Icy,Low,-12.164648,144.228762
679,2024-07-13,11:54:06,Ingram Passage & Cooley Mills,Fog,Wet,Medium,40.399996,-21.359276
680,2024-06-24,07:11:46,Kelly Trail & Snyder Wells,Fog,Dry,Low,38.343258,24.350321
681,2023-09-13,12:49:46,Mary Corner & Rosario Neck,Clear,Dry,High,-33.358052,164.405597
682,2024-02-25,17:57:34,Nicole Isle & Odom Divide,Hail,Slippery,Low,57.871903,-14.209
683,2024-08-01,03:12:48,Nelson Club & Joshua Island,Fog,Slippery,Medium,-27.947487,80.268848
684,2024-07-04,22:08:35,Arroyo Lakes & Moss Lights,Rain,Dry,Low,60.294458,-143.469323
685,2023-09-30,10:42:28,Gordon Parks & Richard Valley,Snow,Snowy,High,18.692303,-69.241169
686,2024-06-09,05:45:40,Joe Fords & Steven Spurs,Snow,Wet,High,65.203051,71.715852
687,2024-02-20,00:20:13,Susan Gardens & Hailey Knoll,Windy,Snowy,Low,-39.017725,-82.681228
688,2024-02-07,05:25:54,Wolf Terrace & Wagner Squares,Fog,Icy,High,2.725006,-30.280412
689,2024-07-21,03:19:46,Hannah Via & Coleman Center,Fog,Dry,Medium,87.467158,100.177601
690,2024-01-10,12:06:24,Jesus Greens & Brown Junctions,Snow,Snowy,Low,58.167955,16.259883
691,2023-11-01,05:11:13,Linda Mountain & Bradley Fort,Rain,Wet,High,-35.615013,-154.469826
692,2023-12-03,05:57:19,Ian Meadow & Simmons Extensions,Rain,Wet,Medium,-43.778848,168.748094
693,2024-04-21,15:51:37,Mcdonald Key & Cohen Ford,Windy,Dry,Medium,-16.185866,10.261402
694,2023-10-07,01:36:39,Matthew Burgs & Jimmy Corners,Snow,Icy,High,20.45254,42.692149
695,2024-07-08,21:41:25,Amanda Knolls & Delgado Camp,Snow,Icy,Medium,32.72276,-103.672691
696,2024-03-22,07:52:37,Pamela Points & Heather Mission,Rain,Wet,High,-58.652262,107.510793
697,2024-08-22,08:07:57,Victoria Rue & Jackson Forks,Hail,Slippery,Medium,-38.693945,-132.785144
698,2024-03-03,12:09:57,Snow Pike & Johnny Drives,Fog,Icy,Low,-73.784954,-8.039686
699,2024-05-24,14:07:37,Jack Center & Nicole Villages,Clear,Dry,Low,11.426932,-59.827921
700,2023-12-05,00:05:05,Holly Glens & Shelby Shore,Hail,Icy,Low,-15.845126,-137.094335
701,2023-10-24,10:00:19,Zavala Shoals & Kenneth Heights,Rain,Dry,Medium,-51.229286,94.038141
702,2024-04-02,04:59:51,Kelly Rest & Richardson Ville,Hail,Icy,Medium,9.758348,-139.938395
703,2024-03-24,18:14:49,Yolanda Pass & Tyler Turnpike,Windy,Wet,High,-14.126765,158.140169
704,2023-10-06,20:19:14,Joseph Greens & Gonzalez Island,Snow,Icy,Low,-46.467854,-26.843268
705,2024-05-09,07:46:28,West Centers & Anderson Ford,Snow,Icy,Low,64.838575,10.404565
706,2024-04-26,22:16:37,Walters River & Murphy Forges,Fog,Dry,High,-54.540781,163.721309
707,2024-01-04,07:08:33,Maynard Vista & Fox Meadows,Snow,Wet,High,66.010268,-24.9927
708,2024-02-24,10:53:06,Sarah Light & Leah Port,Clear,Wet,Low,-7.430409,-21.926545
709,2024-06-25,15:18:20,Daniel Underpass & Howard Village,Rain,Snowy,Low,10.956799,134.378215
710,2024-01-04,03:46:38,Jacqueline Summit & Matthew Square,Rain,Snowy,Medium,-28.767293,-74.556801
711,2024-02-19,10:17:33,Christopher Trail & Alexander Hills,Clear,Slippery,Low,-7.648012,-109.65823
712,2023-10-08,08:50:22,Linda Greens & Jennifer Plaza,Fog,Slippery,High,22.947683,-9.786201
713,2023-10-18,22:58:45,Alexander Street & Hicks Spurs,Fog,Snowy,Medium,-9.869183,-39.930889
714,2024-01-01,07:26:47,Anna Underpass & Patrick Lakes,Snow,Slippery,Medium,1.972474,-4.536865
715,2024-06-08,23:43:09,Jeffrey Mountain & Ray Extension,Snow,Icy,Medium,23.868983,61.291607
716,2024-05-07,04:26:31,Williams Greens & Richard Highway,Snow,Icy,Medium,-63.194187,-169.359619
717,2024-06-23,03:00:13,Richardson Lock & West Village,Clear,Snowy,Medium,17.866435,-134.806367
718,2024-05-04,07:18:56,Lisa Knoll & Erin Fall,Snow,Dry,Low,44.927508,141.133531
719,2023-10-17,22:21:13,Tonya Rapids & Melinda River,Snow,Slippery,Low,1.957171,-159.115906
720,2024-01-02,05:06:32,Martin Walk & Kristen Oval,Rain,Wet,High,-11.181816,-151.321411
721,2023-11-15,05:51:37,Donna Throughway & Jackson Radial,Clear,Icy,High,-6.442054,34.574604
722,2023-11-04,09:07:51,Shannon Run & Lindsey Trace,Windy,Dry,High,7.713858,177.591349
723,2024-01-21,06:52:05,Adams Stream & Maria Parks,Rain,Dry,Medium,-63.747539,96.458414
724,2024-02-23,01:04:30,Crystal Ville & Barajas Plains,Rain,Wet,Medium,6.616658,-133.782348
725,2024-06-23,05:45:22,Tracey Forge & Hutchinson Port,Clear,Icy,Medium,-86.258652,-133.408506
726,2024-08-31,08:40:33,Farrell Burg & Adams Courts,Hail,Wet,Medium,-35.611699,-75.583954
727,2024-02-17,04:11:11,Alexander Forges & Wilson Spur,Snow,Dry,Medium,16.850542,-115.210952
728,2024-07-30,06:41:14,Brown Mountain & Katelyn Row,Fog,Icy,Medium,3.052619,-16.464743
729,2024-01-15,08:30:56,Julie Mills & Larson Light,Clear,Snowy,Medium,-28.402069,141.344958
730,2024-06-21,07:30:56,Megan Field & Walker Freeway,Snow,Icy,Low,14.416058,-155.076801
731,2024-03-10,07:20:18,Spencer Club & Phillips Parkways,Snow,Icy,Medium,78.390953,87.369143
732,2024-08-22,22:25:26,Erik Wall & Murphy Forge,Clear,Icy,Low,53.062958,77.911348
733,2023-09-17,21:43:15,Jackson Dam & Amanda Roads,Fog,Slippery,Low,-55.200675,29.012614
734,2023-11-21,03:34:32,Clayton View & Arroyo Parks,Hail,Icy,Low,23.352841,-117.409541
735,2024-02-21,19:53:47,Anthony Underpass & Richard Keys,Hail,Icy,Low,30.436372,163.225429
736,2024-04-20,21:16:39,Kelly Mill & Felicia Spur,Clear,Dry,Low,59.431307,-84.908413
737,2024-01-15,16:15:19,Daniel Via & Dustin Cliff,Hail,Wet,Low,-42.171265,-75.541282
738,2024-01-14,05:46:26,Allison Green & Fritz Summit,Rain,Dry,High,-3.719015,66.83178
739,2023-11-16,20:34:35,Ferrell Highway & Joseph Fall,Hail,Icy,Low,83.605196,91.885836
740,2024-06-22,02:43:10,Allison Port & Kim Vista,Windy,Slippery,Low,14.629954,-132.080159
741,2024-08-01,20:06:49,Jennifer Plaza & Rodriguez Common,Hail,Wet,High,24.155333,-114.961043
742,2023-11-03,17:44:21,Nathaniel Forge & Michael Brook,Clear,Wet,High,-44.119012,-25.785249
743,2023-10-09,14:09:23,Howell Island & Chad Mills,Snow,Dry,Low,64.225671,-41.446448
744,2024-01-02,00:34:29,Alexander Forest & Elizabeth Forks,Hail,Snowy,High,10.319566,-139.42255
745,2024-01-03,22:44:06,Bruce Mission & Hodges Viaduct,Hail,Wet,Medium,88.154966,178.52654
746,2024-05-30,01:44:02,Powell Place & Powers Plains,Rain,Wet,Low,-83.974523,-23.85985
747,2024-01-22,22:48:33,Lewis Manors & Jose Shore,Fog,Slippery,Medium,-73.823045,65.665634
748,2024-02-23,21:04:36,Paul Drive & Larry Drive,Rain,Slippery,Low,62.223865,-64.726458
749,2024-06-20,08:35:43,Susan Cape & Armstrong Keys,Clear,Wet,Low,83.696662,3.570079
750,2023-09-19,18:18:06,Orozco Shoals & Brady Port,Rain,Dry,Medium,-81.729528,114.682404
751,2024-06-05,01:26:15,Smith Station & Edwards Keys,Snow,Wet,High,-58.541809,-29.163713
752,2024-05-27,10:18:01,Smith Square & Schwartz Summit,Fog,Dry,High,-84.128382,87.316864
753,2024-04-11,05:27:24,Anderson Square & Kelli Crest,Snow,Dry,High,87.124962,-90.757965
754,2023-10-02,13:30:44,Frank Mills & Walker Mills,Snow,Icy,Low,21.787933,155.63104
755,2024-06-21,22:43:16,Robinson Spur & Garza Forge,Rain,Slippery,Medium,-61.402139,-28.881725
756,2023-09-21,16:31:55,Hopkins Crossroad & Taylor Prairie,Fog,Dry,Low,16.022556,0.619318
757,2024-07-13,03:36:02,Deanna Ridges & Smith Ridge,Rain,Slippery,Low,-26.449135,111.499802
758,2024-07-05,16:47:08,Brooke Place & Dawson Bridge,Clear,Icy,Medium,-50.103491,-164.153615
759,2024-06-21,08:03:01,Brooks Plaza & Ellis Corner,Clear,Slippery,Low,-10.800496,-144.584143
760,2024-01-21,16:27:27,Anderson Burgs & Deborah Curve,Fog,Dry,Low,65.322975,110.920675
761,2023-10-17,05:43:48,Hebert Vista & Cox Field,Rain,Slippery,Low,-57.388017,-160.830499
762,2023-10-15,15:07:41,Thomas Mission & Ashley Crest,Rain,Wet,Low,-86.916939,91.581894
763,2023-10-15,08:48:06,Robert Parkway & Evans Alley,Clear,Icy,Low,65.900864,77.750429
764,2023-10-22,17:06:52,Austin Harbor & Griffin Valleys,Rain,Icy,Low,-18.735747,-96.172258
765,2023-09-24,10:17:04,Boyd Square & Thomas Mission,Snow,Slippery,Low,-13.282847,57.471893
766,2024-01-06,02:46:02,Hardy Spring & Julie Lock,Windy,Snowy,Low,-6.478228,17.373399
767,2024-03-04,22:37:50,Laura Field & Christina Circles,Snow,Dry,Low,-51.97338,-172.115402
768,2024-01-02,18:59:54,Walters Bridge & David Hills,Hail,Slippery,Low,-58.890946,-146.519869
769,2024-05-21,12:42:59,Kelly Causeway & Arnold Ridge,Clear,Slippery,Low,-73.07176,-120.979845
770,2024-02-17,20:28:08,Elizabeth Gardens & Shannon Spring,Snow,Dry,Low,81.174008,42.534493
771,2023-10-15,09:32:17,Andrew Plain & Gonzalez Mission,Windy,Snowy,Low,-48.786344,-7.776194
772,2024-06-15,16:55:11,William Heights & Amber Junction,Hail,Slippery,High,-21.477983,-123.298152
773,2024-05-01,10:51:54,Logan Gardens & Gonzalez Trace,Rain,Wet,High,-30.635202,36.873799
774,2024-07-19,23:22:35,Petty Forges & Howard Squares,Fog,Wet,Low,-79.83224,-32.9746
775,2024-01-03,08:26:56,Daniel Key & Wilson Corner,Clear,Slippery,Medium,64.762351,-27.340384
776,2024-03-22,02:37:13,Farmer Land & Christopher View,Windy,Wet,Medium,-77.676803,-34.227932
777,2023-10-26,12:31:04,Teresa Lakes & Cassandra Tunnel,Windy,Dry,High,-68.872382,107.854817
778,2024-04-07,18:04:15,Paul Courts & Collier Rapid,Hail,Icy,Medium,-31.033062,-148.230461
779,2024-08-14,12:17:00,Brown Wall & Eric Heights,Clear,Dry,Medium,-65.423224,-146.65269
780,2024-01-10,07:00:16,Casey Inlet & Harmon Alley,Rain,Dry,High,81.862149,-172.747079
781,2024-06-11,12:44:56,John Mountains & Peter Lodge,Fog,Slippery,Low,30.603872,168.186388
782,2024-03-28,16:13:45,Rosales Locks & Mcgrath Forges,Windy,Snowy,High,-30.130328,35.360714
783,2023-10-14,22:36:48,Walker Roads & Michelle Glen,Clear,Icy,Medium,67.242708,-95.575567
784,2023-12-28,04:15:04,Christian Course & Melissa Parks,Hail,Wet,High,36.777407,-169.299024
785,2024-08-14,05:15:34,Fowler Groves & Chelsea Burgs,Rain,Dry,Medium,-35.102662,85.3553
786,2023-09-26,04:40:18,Beth Park & Michael Mission,Hail,Dry,Low,58.05611,79.131658
787,2024-08-06,11:12:40,James Gateway & Bennett Creek,Snow,Icy,High,16.780296,-29.535209
788,2024-02-15,19:52:31,Chelsea Gateway & Savage Extension,Hail,Snowy,Medium,-23.310664,-157.120107
789,2023-09-08,19:51:47,Cole Creek & James Lane,Hail,Wet,High,74.78463,-136.470626
790,2024-08-25,16:44:11,Freeman Overpass & White Trace,Clear,Slippery,High,-71.871321,130.807249
791,2023-10-22,18:07:49,Booth Estates & Estes Street,Clear,Icy,Medium,72.777463,-128.186804
792,2024-06-08,19:34:50,Hood Rue & Sierra Mountain,Fog,Wet,Low,-35.462408,32.469802
793,2024-04-08,03:18:42,Torres Drive & Wise Cape,Rain,Icy,High,1.785192,112.728635
794,2024-05-30,19:01:07,Molly Common & William Highway,Clear,Wet,Low,22.327568,137.297676
795,2024-09-05,03:46:00,Stephanie Plains & Jessica Station,Rain,Snowy,High,-72.624504,128.934467
796,2023-11-20,03:46:28,Connor Landing & Karen Path,Rain,Snowy,Low,-43.278024,-137.227322
797,2024-01-16,05:57:11,John Plains & Marvin Path,Clear,Snowy,High,53.731271,179.927254
798,2024-06-05,18:22:59,Tucker Views & Garcia Park,Fog,Icy,Medium,-43.156259,-18.123336
799,2024-03-25,19:29:09,Erin Lodge & Allen Vista,Windy,Dry,Medium,-66.611003,-163.257135
800,2024-05-17,22:03:07,Oneal Squares & Torres Bypass,Rain,Dry,High,-80.986475,-107.843355
801,2024-01-13,05:09:35,Love Track & Coleman Manor,Snow,Wet,High,86.56838,-0.609874
802,2024-04-17,14:55:51,Julia Hollow & Harris Isle,Snow,Slippery,Low,44.121296,94.391906
803,2023-12-10,18:36:48,Lee Track & Spears Neck,Fog,Wet,Low,-14.577009,115.535835
804,2023-11-04,08:13:23,Clark Fork & Ashley Summit,Hail,Snowy,Low,-68.230378,-177.733348
805,2024-08-16,23:11:31,Maddox Plaza & Lynch Centers,Windy,Snowy,Low,-19.217275,40.833067
806,2024-04-15,08:24:16,Hammond Land & Jared Key,Rain,Dry,Low,24.775979,-90.906537
807,2023-10-13,11:49:43,Villa Junctions & Jennifer Stream,Fog,Wet,Low,85.628067,170.74696
808,2023-11-23,11:38:46,Rebecca Crossing & Johnson Tunnel,Clear,Slippery,Low,-43.571058,128.066193
809,2023-11-02,17:51:40,Victor Views & Welch Turnpike,Windy,Dry,High,83.677115,-10.951088
810,2023-09-12,08:37:31,Elizabeth Stream & Shelia Views,Fog,Icy,Medium,-71.297961,-109.282793
811,2023-11-15,14:25:02,Nathan Ways & Friedman Plains,Clear,Slippery,High,32.184347,2.59069
812,2024-09-04,10:36:52,Mason Inlet & Atkinson Lodge,Hail,Slippery,Low,-38.790838,-55.201089
813,2024-05-16,04:37:39,Troy Views & Campos Shoal,Fog,Wet,Medium,-29.468873,168.51218
814,2023-12-31,09:55:34,Nichols Dam & Wang River,Fog,Dry,Low,57.839774,65.245377
815,2023-12-28,08:58:29,Sullivan Land & Salazar Squares,Rain,Icy,Medium,-13.853749,-167.867538
816,2023-11-06,16:00:07,Thompson Turnpike & Jacqueline Meadows,Clear,Wet,Medium,44.119658,-62.424595
817,2023-11-12,03:33:25,Taylor Plains & Williams Mission,Windy,Snowy,Low,87.753468,21.514636
818,2024-06-18,23:15:20,Christopher Manor & Sarah Pass,Windy,Snowy,High,-38.901044,29.041603
819,2023-10-04,12:36:42,Carter Stravenue & Martinez Fall,Fog,Dry,High,-8.428712,-23.3467
820,2023-12-30,01:51:02,Joseph Isle & Mack Junction,Snow,Dry,Low,-81.453943,-123.396621
821,2024-06-04,08:40:22,Pratt Stream & Holt Island,Snow,Snowy,Low,-89.384329,33.278831
822,2024-04-05,04:34:58,Karen Cape & Valdez Flats,Fog,Snowy,Low,39.5932,72.822272
823,2023-11-30,08:00:46,Ward Station & Reid Roads,Clear,Slippery,High,-51.253717,26.392019
824,2024-08-12,08:32:24,Mora Mill & Raymond Ramp,Hail,Snowy,Low,-35.442493,-92.728096
825,2023-11-14,01:19:34,Joshua Grove & John Dam,Clear,Snowy,Medium,45.419442,-89.652149
826,2024-01-08,08:58:51,Brock Greens & Michael Pines,Fog,Slippery,High,-86.560107,15.425095
827,2023-11-27,02:59:48,Sarah Common & Sexton Island,Clear,Icy,High,24.123535,-41.531861
828,2023-10-26,12:11:01,Kenneth Village & Monica Divide,Windy,Dry,Medium,-43.782428,-20.200457
829,2024-05-28,21:04:31,Michael Meadows & Lawson Cliff,Windy,Dry,High,-86.952529,9.167867
830,2024-06-17,05:58:01,Daniel Loop & Paula Views,Rain,Slippery,Low,-22.178989,-46.39456
831,2024-06-19,21:21:47,Porter Village & Clark Fields,Windy,Icy,Medium,-52.47726,130.289016
832,2024-01-21,04:32:59,Michael Manor & Lewis Crossing,Rain,Slippery,Low,83.125657,-79.176476
833,2023-12-12,22:10:11,Cheryl Highway & Morales Skyway,Fog,Snowy,Low,-73.363978,-49.997048
834,2023-10-28,01:36:40,Renee Mews & Ramirez Club,Windy,Snowy,Low,84.268492,-145.604193
835,2024-02-05,13:14:53,Strickland Creek & Robin Mews,Windy,Icy,Medium,-74.047781,-102.168849
836,2023-09-23,22:44:31,Gonzalez Fields & Lacey Shoals,Fog,Dry,Medium,-15.327669,135.858241
837,2024-05-21,23:30:43,Williams Extension & Church Circle,Rain,Dry,Low,-76.294828,-159.875893
838,2023-11-09,04:12:24,Lee Lane & Smith Vista,Windy,Icy,Low,-37.754402,85.092681
839,2024-03-05,16:02:50,Stewart Fall & Rebecca Bypass,Hail,Icy,Medium,-35.084775,-52.271181
840,2023-12-22,21:53:21,Sandoval Turnpike & Giles Greens,Snow,Dry,Low,-20.874644,-14.892028
841,2023-12-14,20:22:46,Pittman Inlet & Smith Rapid,Hail,Wet,High,-4.569014,159.862966
842,2024-08-02,06:55:42,Paul Pike & Moore Extension,Windy,Slippery,Medium,-45.82414,-101.401712
843,2023-12-10,10:58:54,Mccullough Wall & Nicholas Oval,Fog,Snowy,High,66.625876,97.911257
844,2024-07-13,11:21:55,Erin Roads & Trujillo Points,Rain,Wet,High,86.107006,3.237307
845,2024-06-26,04:31:12,Stephanie Brooks & Miller Cove,Rain,Slippery,Medium,-31.695203,-81.883693
846,2023-11-16,08:31:06,Paula Forest & Kevin Isle,Windy,Icy,Low,-68.951972,122.514586
847,2023-12-14,12:45:18,Joshua Burgs & Shawn Tunnel,Fog,Wet,High,-68.8345,-155.375009
848,2023-12-17,11:59:43,Lauren Loop & Stephanie Parkways,Fog,Slippery,Medium,21.522673,86.415151
849,2024-02-15,02:29:23,Brewer Crossroad & Jill Extension,Hail,Snowy,Medium,-18.445632,-160.044568
850,2023-09-16,21:51:41,Larry Lodge & Spencer Heights,Hail,Wet,High,-74.788632,124.907694
851,2024-09-03,03:45:56,Pitts Islands & Cory Mountain,Rain,Dry,Low,61.118021,94.874124
852,2023-10-05,13:35:11,Allen Point & Irwin Fork,Fog,Wet,High,55.445611,-174.853913
853,2023-12-14,03:01:27,Jeffery Garden & Valenzuela Street,Clear,Dry,High,72.298413,64.731933
854,2024-02-12,05:57:12,Smith Estate & Miguel Mills,Fog,Snowy,Low,83.598179,-7.289017
855,2023-11-14,05:28:40,Laurie Ranch & Bailey Junctions,Fog,Icy,Low,-36.734951,23.900024
856,2024-03-11,05:31:12,Kristy Falls & Michael Camp,Clear,Snowy,Medium,-54.971043,161.330523
857,2023-09-17,21:42:37,Teresa Lakes & Antonio Stream,Rain,Icy,High,69.070036,163.583134
858,2023-10-15,07:43:23,Rebecca Loaf & Hoffman Crest,Fog,Snowy,Medium,43.511857,179.341704
859,2024-09-04,11:13:47,Jessica Drive & Hood Mountains,Hail,Slippery,Medium,-53.478302,-133.211401
860,2024-03-21,12:10:14,Benjamin Mountains & Perez Trafficway,Hail,Slippery,Low,-41.615356,114.34009
861,2024-08-20,21:29:30,Hannah Square & Joshua Rapid,Windy,Icy,High,-25.378035,-14.289713
862,2024-01-06,20:06:12,Clarke Track & Mary Station,Fog,Snowy,Medium,63.432241,-62.280759
863,2024-01-31,05:25:29,Janet Springs & Garcia Shores,Windy,Slippery,Low,-62.300158,21.311607
864,2024-08-06,15:33:12,Lisa Estates & Stephen Islands,Windy,Slippery,Low,66.501343,-149.778869
865,2023-12-06,18:21:29,Austin Centers & Jacqueline Terrace,Snow,Icy,High,67.407559,108.033579
866,2024-01-29,23:49:54,Russell Stravenue & Lopez Stravenue,Clear,Icy,Medium,-44.732901,-13.337572
867,2024-03-23,21:22:02,Barnett Orchard & Coleman Crest,Snow,Slippery,Medium,39.47541,-132.003077
868,2023-11-22,00:27:25,Alexis Island & Kenneth Bridge,Clear,Slippery,High,-10.459533,-93.292918
869,2024-02-19,14:57:18,Nicholson Brooks & Devin Freeway,Rain,Icy,Low,60.963177,-132.795896
870,2023-09-13,17:15:47,Carmen Green & Nathan Mount,Rain,Slippery,Medium,-47.533841,-28.787161
871,2023-10-05,15:11:43,Gross Path & Watkins Key,Fog,Dry,Low,-51.100147,-142.584339
872,2023-10-02,00:26:03,Stone Mission & Bell Shoal,Clear,Wet,High,34.371525,-21.243719
873,2024-02-07,16:33:07,Dickerson Walk & Cook Road,Rain,Slippery,High,78.315891,15.20989
874,2023-12-08,06:50:31,Burns Stravenue & Richard Cliff,Clear,Dry,Low,54.981907,-78.754941
875,2024-06-20,23:23:37,Kelley Locks & Jessica Stravenue,Clear,Icy,Low,-58.056329,9.437708
876,2024-06-29,11:24:15,Melissa Views & Diane Walks,Clear,Wet,Medium,9.639798,-35.833829
877,2024-05-08,19:33:56,Charles Drive & Contreras Mall,Clear,Dry,Low,85.859943,92.871224
878,2023-10-29,20:04:32,Jeffery Ways & Cindy Island,Windy,Slippery,Medium,-28.34444,140.578335
879,2023-12-09,05:24:47,Kevin Mill & Krause Terrace,Windy,Wet,Low,-3.849195,35.35722
880,2023-09-25,03:27:54,Wendy Motorway & Christina Knoll,Windy,Dry,Medium,52.320694,51.582348
881,2024-02-22,12:22:37,Ryan Parkways & Smith Cliffs,Snow,Icy,Low,59.498737,161.389058
882,2024-06-10,15:54:50,Hess Curve & Desiree Coves,Rain,Dry,Medium,-22.801542,-167.671248
883,2024-04-12,18:29:55,Kelly Freeway & Jeremy Brooks,Hail,Icy,Low,59.882246,-19.891481
884,2024-06-15,23:20:07,Kelley Creek & Ray Row,Clear,Snowy,High,-35.697624,126.144644
885,2024-06-25,03:24:04,Samantha Squares & Richard Freeway,Clear,Dry,Medium,47.769875,-148.761981
886,2024-05-05,20:56:13,David Garden & Williams Ports,Clear,Dry,High,-32.578094,-91.908808
887,2024-01-16,19:32:45,Baker Terrace & Rodriguez View,Snow,Slippery,Low,50.798746,-150.67077
888,2024-03-05,19:18:53,Lynch Pines & David Mission,Fog,Icy,High,-75.205554,-174.503773
889,2024-06-15,12:34:58,Bailey Ports & Little Cliff,Fog,Wet,High,0.235536,-100.294161
890,2024-06-21,14:11:50,Ferguson Forge & Anthony Locks,Windy,Wet,Medium,-53.864955,50.58572
891,2024-09-04,13:34:21,Lisa Lakes & Shannon Path,Snow,Snowy,Low,-7.006853,29.444778
892,2023-09-15,01:06:31,Newman Ways & Mark Villages,Clear,Icy,Medium,63.116772,-83.853063
893,2024-01-22,09:27:13,Daniel Lodge & Nelson Square,Snow,Wet,High,15.560211,-62.51726
894,2023-12-05,06:39:29,Jill Loaf & Smith Lake,Windy,Slippery,Medium,86.331555,-44.816562
895,2024-04-09,22:10:47,Jimmy Prairie & Lee Common,Clear,Slippery,Low,-1.395794,-170.500446
896,2024-05-21,01:24:33,Taylor Club & Matthew Brook,Rain,Icy,Low,-18.7681,78.065812
897,2023-10-10,20:37:45,Melton Stream & Keith Walks,Snow,Slippery,Low,72.984817,-119.889703
898,2024-01-19,15:08:04,Olson Bypass & Peterson Locks,Clear,Icy,Low,-18.18693,101.980768
899,2023-11-09,21:17:54,Miller Shoals & Ross Lake,Snow,Wet,High,-75.892285,24.058472
900,2024-06-23,13:42:03,Lisa Lodge & Scott Burg,Fog,Icy,High,-19.242726,14.102011
901,2024-04-05,01:58:14,Sherry Village & Shawn Mission,Clear,Dry,Medium,-80.917057,37.302739
902,2024-04-06,06:58:35,Daniel Tunnel & Travis Harbor,Hail,Icy,Low,-4.712618,-44.919371
903,2024-01-15,17:01:23,John Mount & Calvin Path,Rain,Snowy,Medium,-54.688227,34.075078
904,2023-12-19,23:10:53,Caitlyn Brooks & Paul Parkway,Clear,Icy,Low,-5.667462,64.363149
905,2024-04-14,06:19:21,Amy Harbor & Hampton Pine,Fog,Snowy,High,35.602154,39.212993
906,2023-10-01,10:34:10,Linda Mission & Lisa Port,Hail,Icy,Low,2.193432,176.467711
907,2024-06-14,00:30:43,Ware Shoals & Troy Forks,Hail,Icy,High,-39.339021,111.082554
908,2024-02-22,19:57:07,Stephens Square & Donna Canyon,Clear,Slippery,Medium,11.666573,89.416406
909,2024-05-26,19:19:22,Cochran Rapid & Sophia Isle,Clear,Slippery,High,66.075798,-37.478777
910,2024-07-25,18:11:15,Hawkins Rue & Cesar Cove,Rain,Wet,Low,27.570301,62.806585
911,2024-07-11,14:22:37,Jones Bridge & Megan Alley,Hail,Dry,Low,-53.573965,37.201869
912,2023-12-22,03:52:06,Lyons Courts & Miller Grove,Snow,Wet,Medium,-6.000763,87.820946
913,2024-06-30,18:34:48,Doyle Court & Mark Haven,Hail,Dry,Medium,35.961724,166.331502
914,2024-07-20,20:16:56,Patricia Heights & Tracy Orchard,Windy,Slippery,High,31.055233,125.74539
915,2024-03-10,14:08:09,Brown River & Smith Turnpike,Windy,Wet,Low,-22.875769,54.626354
916,2024-03-10,02:35:54,Colin Terrace & Karen Rapid,Windy,Icy,Low,38.494439,74.489088
917,2024-04-24,13:21:54,Thomas Tunnel & Kathleen Fall,Windy,Icy,Low,-61.738223,131.749985
918,2023-11-19,00:46:58,Cody Corners & Sandra Ranch,Windy,Dry,Medium,3.140537,-8.21135
919,2024-04-15,23:29:52,Clay Gardens & Thomas Pass,Fog,Dry,Medium,85.176209,12.206792
920,2024-03-19,21:09:30,Justin Springs & Jose Springs,Hail,Slippery,Medium,-1.979584,174.150828
921,2024-05-01,06:43:42,Sandra Island & Jesse Roads,Windy,Slippery,Low,-63.855501,-106.134148
922,2024-05-15,03:49:23,Kevin Mountain & Cynthia Garden,Rain,Wet,Low,-76.105086,-143.902688
923,2023-12-28,10:53:37,Ward Camp & Lisa Shoals,Clear,Snowy,Medium,-17.977146,-145.059301
924,2024-08-17,05:47:40,Walker Parkways & Kerri Groves,Rain,Wet,High,82.528634,-163.430927
925,2023-11-02,12:55:21,James Way & Little Summit,Rain,Slippery,High,-72.444117,-155.739796
926,2023-12-14,17:53:16,Denise Gardens & Alan Squares,Snow,Slippery,Medium,-41.630557,-3.159318
927,2024-01-04,09:43:26,Raymond Burgs & Williamson Way,Clear,Dry,Low,39.457088,160.564709
928,2024-05-26,19:52:54,Harvey Parkway & Felicia Summit,Windy,Wet,High,79.203665,-46.507903
929,2024-08-14,06:19:58,Fisher Ford & Lawrence Plains,Fog,Snowy,High,-64.296757,37.262139
930,2023-09-13,23:20:22,Kyle Fields & Michelle Mills,Rain,Snowy,Low,-52.906469,-66.253276
931,2024-01-15,21:59:40,Garcia Turnpike & Levy Ramp,Rain,Dry,Medium,29.796,159.749388
932,2024-03-11,20:36:27,Jessica Squares & Dyer Forge,Hail,Dry,High,-2.73822,44.512532
933,2023-12-25,10:34:00,Darren Hills & Keith Locks,Snow,Slippery,Medium,67.560254,123.27684
934,2023-09-27,00:41:35,Brennan Stream & Garcia Orchard,Rain,Snowy,High,31.96526,-164.971157
935,2024-06-14,18:22:01,Kevin Forge & Patterson Meadow,Windy,Icy,Low,-32.842086,0.505724
936,2024-05-01,19:27:42,Jon Lodge & Foster Coves,Windy,Icy,Low,-53.859251,2.039427
937,2024-08-11,11:46:59,Ramirez Tunnel & Glenn Throughway,Snow,Snowy,Low,23.055907,-67.566551
938,2024-02-17,08:01:20,Lance Track & Wilson Light,Windy,Icy,High,72.263972,130.541458
939,2024-05-15,00:55:52,Cory Springs & Stevens Cape,Snow,Dry,High,-88.99133,-148.381319
940,2024-06-10,08:30:31,Johnson Radial & Jefferson Groves,Fog,Icy,High,-75.919361,-59.232097
941,2024-05-25,20:16:08,Petty Village & Davis Parkway,Hail,Dry,Medium,-75.545705,168.462549
942,2024-03-06,14:26:03,Macdonald Drive & Nathaniel Centers,Hail,Snowy,High,-43.177585,-34.901627
943,2024-02-01,20:09:05,Ramirez Hollow & David Camp,Windy,Slippery,Medium,-68.171925,43.992442
944,2024-09-05,04:08:30,Crystal Ridge & Anthony River,Windy,Dry,Medium,81.478387,166.202365
945,2024-03-30,16:36:50,Teresa Drive & Boyd Walks,Fog,Dry,Low,-0.585009,106.953608
946,2024-05-16,13:00:54,Nicholas Road & Moore Light,Hail,Snowy,High,-13.554816,-125.323899
947,2023-12-12,21:55:01,Kenneth Village & Robert Overpass,Snow,Slippery,High,-33.97116,-120.835707
948,2023-11-03,05:21:57,Cindy Valleys & Tapia Forks,Clear,Wet,Medium,58.266972,10.974339
949,2024-04-29,15:05:36,Phillips Isle & Hart Street,Snow,Snowy,Low,25.421398,3.403162
950,2023-11-04,09:33:56,Vanessa Squares & Hannah Neck,Hail,Wet,High,-37.974975,24.510871
951,2024-06-02,10:28:02,Hayes Road & Rodriguez Overpass,Hail,Dry,High,58.613705,-135.844114
952,2024-05-11,11:03:10,Jeanette Expressway & Meagan Crescent,Hail,Dry,Medium,-18.289047,71.157457
953,2023-11-21,19:51:33,Sabrina Course & Jones Row,Windy,Wet,Low,-25.427606,-2.123949
954,2024-06-10,02:58:31,Marissa Creek & Jose Ridges,Clear,Wet,Low,-14.904889,99.870705
955,2024-07-27,14:32:27,Sutton Village & John Freeway,Clear,Icy,Medium,62.246886,-66.641317
956,2024-02-06,06:54:18,Hayes Terrace & Jason Harbors,Rain,Wet,Low,80.870613,113.540495
957,2024-07-21,00:05:50,Kristina Groves & Brianna Street,Rain,Icy,High,44.576458,178.327654
958,2024-08-13,14:50:41,Holmes Dam & Tim Way,Fog,Icy,High,53.78541,-175.373742
959,2023-12-14,06:07:55,Mark Summit & Ashley Forks,Hail,Dry,Low,29.772811,-66.101175
960,2024-01-15,15:37:01,Annette Street & Villanueva Forest,Clear,Icy,Low,64.063644,-7.76709
961,2024-05-16,14:01:13,Santiago Isle & Mary Fall,Hail,Slippery,Medium,-8.449694,-51.964368
962,2024-07-23,21:04:47,George Brooks & Williams Plain,Fog,Wet,High,-16.191454,16.803585
963,2024-06-08,03:22:37,Hale Fields & Rivas Rest,Rain,Wet,Medium,12.121221,-136.560758
964,2024-03-23,20:58:19,Reyes Crossing & Angela View,Windy,Dry,High,-60.763459,-17.5691
965,2023-10-11,23:10:41,Henderson Islands & Moreno Way,Clear,Dry,Low,-72.564718,37.997501
966,2024-07-27,00:50:32,French View & Michael Fork,Rain,Slippery,Low,-46.76615,51.587463
967,2023-10-04,01:46:50,Joseph Locks & Logan Heights,Fog,Icy,High,-87.273206,-19.261388
968,2024-04-25,05:45:32,Riley Plain & Tony Haven,Windy,Dry,Low,54.093611,-5.346581
969,2024-02-04,21:29:04,Moreno Valley & Angela Plaza,Rain,Slippery,Low,39.051687,-139.028184
970,2024-03-03,10:33:36,Rodriguez Shore & Hannah Dam,Windy,Slippery,High,78.809066,-134.878659
971,2024-05-18,22:20:06,Grace Cove & Jones Overpass,Windy,Slippery,Low,47.94744,149.549025
972,2024-03-13,15:10:18,Lisa Mill & Ramirez Lock,Hail,Slippery,Medium,14.823827,-57.490797
973,2024-07-09,22:59:43,Mary Springs & Steele Lodge,Windy,Wet,Medium,-29.616741,-122.98202
974,2024-06-05,15:45:04,Melissa Flats & Johnson Plaza,Fog,Snowy,Low,71.478426,116.826076
975,2024-05-14,11:51:02,Kane Cove & Steven Mountains,Windy,Wet,Medium,-75.45565,-146.69799
976,2023-12-16,14:01:09,Bond Springs & Sanchez Coves,Windy,Slippery,High,64.511132,141.629878
977,2023-12-08,04:39:09,Townsend Plaza & Newman Street,Windy,Snowy,Low,27.982225,-59.072088
978,2023-12-15,14:15:06,Aaron Port & Miller Falls,Fog,Icy,Medium,25.924059,-122.825011
979,2024-01-25,07:37:32,Amanda Canyon & Melissa Well,Fog,Wet,Low,47.203691,141.802947
980,2024-08-02,22:58:29,Lori Shore & April Parkway,Rain,Slippery,Medium,-15.070652,-17.613181
981,2024-03-23,04:12:03,Dixon Mill & Booker Knoll,Rain,Dry,High,-52.591866,12.979425
982,2024-05-12,17:40:58,Chad Passage & Harry Bridge,Rain,Dry,High,-64.574224,156.816093
983,2024-06-19,14:10:19,Mitchell Hills & Katelyn Island,Hail,Snowy,Low,-10.81161,-39.673968
984,2024-08-04,09:07:15,Smith Mill & Tommy Flat,Clear,Wet,High,-67.428668,77.595656
985,2024-02-27,06:32:16,James Avenue & Gomez Row,Clear,Slippery,Low,16.206373,20.214137
986,2023-09-29,18:58:44,Andrea Isle & Zachary Glen,Snow,Slippery,Low,83.682738,-20.677143
987,2024-06-21,09:32:31,Phillip Locks & Travis Forges,Windy,Snowy,Medium,65.566614,-89.052134
988,2024-03-06,18:44:12,Adrian Village & Mayo Ports,Snow,Icy,Low,-50.821768,36.728037
989,2024-06-15,20:28:07,Powers Meadow & Amy Fork,Snow,Dry,Medium,88.591179,109.378377
990,2024-06-11,20:32:18,Ryan Manors & Joseph Manors,Fog,Icy,High,18.090616,-158.01681
991,2024-04-01,14:30:34,Gilbert Gardens & Zachary Estates,Fog,Slippery,High,26.72293,-9.660219
992,2023-12-08,19:07:51,James Valley & Calderon Fort,Rain,Icy,High,39.169421,168.43836
993,2023-12-31,22:25:45,Douglas Manor & Martinez Forges,Clear,Slippery,Medium,47.919973,87.264203
994,2024-07-19,20:35:05,Bishop Curve & Shannon Lane,Snow,Snowy,High,69.297692,37.368999
995,2024-05-02,18:00:19,Price Shore & Janice Meadows,Rain,Slippery,Low,71.269844,20.62731
996,2024-04-16,03:08:40,Isabel River & Holmes Glens,Rain,Icy,Low,25.115988,-51.140668
997,2024-01-10,09:45:07,Manning Plaza & Rasmussen Walk,Hail,Slippery,High,-9.913168,-176.485563
998,2023-10-10,11:02:03,Rodney Valleys & Sara Valleys,Snow,Wet,Medium,-65.907968,31.036677
999,2024-05-06,17:39:19,Gamble Prairie & Gray Shoal,Windy,Icy,Low,32.962218,128.562296
1000,2024-03-12,00:26:31,Tony Turnpike & Mark Loop,Rain,Icy,High,62.735685,-47.293339
